Ticker,AR,BEP,BTU,CCJ,CEG,CNR,COP,CVX,CWEN,DNNGY,DRX.L,ENPH,EQT,EXE,FSLR,OKLO,OXY,RUN,VWDRY,XOM
AR,0.157543,0.016364,0.049637,0.032459,0.054753,0.054773,0.05519,0.040628,0.022949,0.003091,0.002682,0.023433,0.107265,0.086729,0.02997,0.051263,0.063302,0.028218,0.011414,0.041625
BEP,0.016364,0.110011,0.018479,0.056596,0.051098,0.018446,0.005593,0.004997,0.05448,0.043971,0.016839,0.080109,0.014028,0.00929,0.070448,0.090908,0.006004,0.123121,0.044995,0.00369
BTU,0.049637,0.018479,0.253554,0.058972,0.045799,0.170414,0.043644,0.026105,0.020649,0.037464,0.009486,0.045609,0.041152,0.032645,0.038492,0.101203,0.047352,0.034121,0.025979,0.030679
CCJ,0.032459,0.056596,0.058972,0.234704,0.107223,0.042243,0.007541,0.00411,0.034992,0.039837,0.014852,0.060048,0.029296,0.01895,0.069223,0.260401,0.006358,0.080804,0.047977,0.002761
CEG,0.054753,0.051098,0.045799,0.107223,0.284207,0.0393,0.017931,0.010072,0.045434,0.028554,0.008375,0.037185,0.045132,0.029989,0.068676,0.254057,0.014769,0.071944,0.031653,-0.000595
CNR,0.054773,0.018446,0.170414,0.042243,0.0393,0.203302,0.037641,0.023313,0.016769,0.033122,0.010902,0.029744,0.044153,0.035281,0.030619,0.066482,0.041863,0.018575,0.026103,0.028028
COP,0.05519,0.005593,0.043644,0.007541,0.017931,0.037641,0.082451,0.051927,0.007795,0.001733,0.000665,0.015465,0.033206,0.030847,0.009356,-0.00065,0.073069,0.010719,0.008614,0.052816
CVX,0.040628,0.004997,0.026105,0.00411,0.010072,0.023313,0.051927,0.052212,0.006581,-0.000236,0.001281,0.01268,0.025883,0.023312,0.008069,-0.006736,0.053499,0.00977,0.006496,0.04306
CWEN,0.022949,0.05448,0.020649,0.034992,0.045434,0.016769,0.007795,0.006581,0.093983,0.040626,0.019467,0.085372,0.019932,0.013314,0.072519,0.064677,0.009262,0.125316,0.042352,0.006956
DNNGY,0.003091,0.043971,0.037464,0.039837,0.028554,0.033122,0.001733,-0.000236,0.040626,0.408287,0.033576,0.092429,0.01099,0.006698,0.067555,0.061791,0.002514,0.127962,0.09251,0.001162
DRX.L,0.002682,0.016839,0.009486,0.014852,0.008375,0.010902,0.000665,0.001281,0.019467,0.033576,0.078699,0.017191,0.004946,0.00317,0.01176,0.01617,0.0006,0.032769,0.019926,0.003126
ENPH,0.023433,0.080109,0.045609,0.060048,0.037185,0.029744,0.015465,0.01268,0.085372,0.092429,0.017191,0.531374,0.02369,0.013268,0.210137,0.130859,0.033328,0.447997,0.093739,0.011541
EQT,0.107265,0.014028,0.041152,0.029296,0.045132,0.044153,0.033206,0.025883,0.019932,0.01099,0.004946,0.02369,0.110415,0.075562,0.023658,0.059696,0.035873,0.028923,0.008428,0.025075
EXE,0.086729,0.00929,0.032645,0.01895,0.029989,0.035281,0.030847,0.023312,0.013314,0.006698,0.00317,0.013268,0.075562,0.07908,0.014583,0.033454,0.034527,0.011839,0.006452,0.023439
FSLR,0.02997,0.070448,0.038492,0.069223,0.068676,0.030619,0.009356,0.008069,0.072519,0.067555,0.01176,0.210137,0.023658,0.014583,0.313188,0.126603,0.013671,0.318361,0.08373,0.002772
OKLO,0.051263,0.090908,0.101203,0.260401,0.254057,0.066482,-0.00065,-0.006736,0.064677,0.061791,0.01617,0.130859,0.059696,0.033454,0.126603,1.249204,-0.006639,0.186176,0.070859,-0.007983
OXY,0.063302,0.006004,0.047352,0.006358,0.014769,0.041863,0.073069,0.053499,0.009262,0.002514,0.0006,0.033328,0.035873,0.034527,0.013671,-0.006639,0.097331,0.026256,0.011017,0.054413
RUN,0.028218,0.123121,0.034121,0.080804,0.071944,0.018575,0.010719,0.00977,0.125316,0.127962,0.032769,0.447997,0.028923,0.011839,0.318361,0.186176,0.026256,0.893589,0.139574,0.005925
VWDRY,0.011414,0.044995,0.025979,0.047977,0.031653,0.026103,0.008614,0.006496,0.042352,0.09251,0.019926,0.093739,0.008428,0.006452,0.08373,0.070859,0.011017,0.139574,0.214741,0.005499
XOM,0.041625,0.00369,0.030679,0.002761,-0.000595,0.028028,0.052816,0.04306,0.006956,0.001162,0.003126,0.011541,0.025075,0.023439,0.002772,-0.007983,0.054413,0.005925,0.005499,0.052784
