ticker,type,exp_return,vol,sharpe,carbon,carbon_norm
AR,gas,0.1708,0.3969,0.4304,490,0.5976
BEP,hydro,0.2051,0.3317,0.6183,24,0.0293
BTU,coal,0.1375,0.5035,0.273,820,1.0
CCJ,nuclear,0.3927,0.4845,0.8105,12,0.0146
CEG,nuclear,0.4504,0.5331,0.8449,12,0.0146
CNR,coal,0.0484,0.4509,0.1074,820,1.0
COP,oil,0.1014,0.2871,0.3532,650,0.7927
CVX,oil,0.1448,0.2285,0.6337,650,0.7927
CWEN,wind,0.2189,0.3066,0.7142,11,0.0134
DNNGY,wind,-0.0802,0.639,-0.1255,11,0.0134
DRX.L,biomass,0.2498,0.2805,0.8905,230,0.2805
ENPH,solar,-0.1693,0.729,-0.2322,48,0.0585
EQT,gas,0.1259,0.3323,0.379,490,0.5976
EXE,gas,0.0656,0.2812,0.2334,490,0.5976
FSLR,solar,0.2203,0.5596,0.3937,48,0.0585
OKLO,nuclear,1.0181,1.1177,0.9109,12,0.0146
OXY,oil,0.0438,0.312,0.1405,650,0.7927
RUN,solar,0.3446,0.9453,0.3645,48,0.0585
VWDRY,wind,0.2199,0.4634,0.4746,11,0.0134
XOM,oil,0.1956,0.2297,0.8515,650,0.7927
