date,wti_price_usd_per_bbl,gasoline_price_usd_per_gallon,heating_oil_price_usd_per_gallon,natural_gas_price_usd_per_mmbtu
2015-01-02,52.69,1.433,1.796,3.003
2015-01-05,50.04,1.381,1.749,2.882
2015-01-06,47.93,1.354,1.726,2.938
2015-01-07,48.65,1.338,1.7,2.871
2015-01-08,48.79,1.341,1.711,2.927
2015-01-09,48.36,1.323,1.703,2.946
2015-01-12,46.07,1.275,1.654,2.795
2015-01-13,45.89,1.269,1.633,2.943
2015-01-14,48.48,1.351,1.655,3.233
2015-01-15,46.25,1.299,1.623,3.158
2015-01-16,48.69,1.359,1.666,3.127
2015-01-20,46.39,1.313,1.627,2.831
2015-01-21,47.78,1.326,1.646,2.974
2015-01-22,46.31,1.331,1.638,2.835
2015-01-23,45.59,1.348,1.647,2.986
2015-01-26,45.15,1.317,1.64,2.881
2015-01-27,46.23,1.35,1.663,2.981
2015-01-28,44.45,1.345,1.632,2.866
2015-01-29,44.53,1.354,1.618,2.719
2015-01-30,48.24,1.415,1.686,2.691
2015-02-02,49.57,1.545,1.758,2.68
2015-02-03,53.05,1.601,1.847,2.754
2015-02-04,48.45,1.482,1.767,2.662
2015-02-05,50.48,1.525,1.806,2.6
2015-02-06,51.69,1.559,1.839,2.579
2015-02-09,52.86,1.578,1.873,2.597
2015-02-10,50.02,1.552,1.833,2.677
2015-02-11,48.84,1.543,1.814,2.797
2015-02-12,51.21,1.596,1.914,2.713
2015-02-13,52.78,1.626,1.971,2.804
2015-02-17,53.53,1.59,1.977,2.759
2015-02-18,52.14,1.574,1.959,2.831
2015-02-19,51.16,1.616,1.994,2.834
2015-02-20,50.34,1.641,2.112,2.951
2015-02-23,49.45,1.646,2.218,2.879
2015-02-24,49.28,1.62,2.029,2.902
2015-02-25,50.99,1.719,2.104,2.894
2015-02-26,48.17,1.708,2.136,2.697
2015-02-27,49.76,1.768,2.299,2.734
2015-03-02,49.59,1.897,1.887,2.698
2015-03-03,50.52,1.95,1.94,2.712
2015-03-04,51.53,1.926,1.901,2.769
2015-03-05,50.76,1.887,1.877,2.841
2015-03-06,49.61,1.882,1.869,2.839
2015-03-09,50.0,1.875,1.84,2.678
2015-03-10,48.29,1.818,1.814,2.732
2015-03-11,48.17,1.826,1.82,2.824
2015-03-12,47.05,1.81,1.779,2.734
2015-03-13,44.84,1.762,1.713,2.727
2015-03-16,43.88,1.729,1.699,2.716
2015-03-17,43.46,1.73,1.694,2.855
2015-03-18,44.66,1.799,1.773,2.92
2015-03-19,43.96,1.774,1.722,2.813
2015-03-20,45.72,1.798,1.734,2.786
2015-03-23,47.45,1.804,1.731,2.733
2015-03-24,47.51,1.8,1.707,2.786
2015-03-25,49.21,1.837,1.728,2.723
2015-03-26,51.43,1.882,1.788,2.672
2015-03-27,48.87,1.798,1.728,2.59
2015-03-30,48.68,1.801,1.731,2.644
2015-03-31,47.6,1.78,1.718,2.64
2015-04-01,50.09,1.831,1.747,2.605
2015-04-02,49.14,1.761,1.683,2.713
2015-04-06,52.14,1.843,1.764,2.65
2015-04-07,53.98,1.861,1.784,2.68
2015-04-08,50.42,1.739,1.698,2.619
2015-04-09,50.79,1.759,1.727,2.528
2015-04-10,51.64,1.807,1.766,2.511
2015-04-13,51.91,1.805,1.783,2.511
2015-04-14,53.29,1.836,1.802,2.53
2015-04-15,56.39,1.936,1.889,2.61
2015-04-16,56.71,1.935,1.908,2.684
2015-04-17,55.74,1.93,1.882,2.634
2015-04-20,56.38,1.932,1.877,2.536
2015-04-21,55.26,1.888,1.853,2.575
2015-04-22,56.16,1.925,1.871,2.606
2015-04-23,57.74,1.996,1.924,2.531
2015-04-24,57.15,2.008,1.928,2.531
2015-04-27,56.99,2.009,1.921,2.49
2015-04-28,57.06,2.002,1.917,2.517
2015-04-29,58.58,2.018,1.948,2.606
2015-04-30,59.63,2.05,1.976,2.751
2015-05-01,59.15,2.045,1.982,2.776
2015-05-04,58.93,2.034,1.979,2.821
2015-05-05,60.4,2.063,2.015,2.78
2015-05-06,60.93,2.037,2.016,2.776
2015-05-07,58.94,1.99,1.962,2.734
2015-05-08,59.39,1.992,1.954,2.88
2015-05-11,59.25,1.986,1.945,2.802
2015-05-12,60.75,2.039,1.999,2.897
2015-05-13,60.5,2.041,2.005,2.935
2015-05-14,59.88,2.058,2.006,3.008
2015-05-15,59.69,2.057,2.005,3.016
2015-05-18,59.43,2.041,1.987,3.01
2015-05-19,57.26,1.995,1.929,2.948
2015-05-20,58.98,2.041,1.946,2.915
2015-05-21,60.72,2.082,1.986,2.949
2015-05-22,59.72,2.054,1.953,2.887
2015-05-26,58.03,1.998,1.9,2.822
2015-05-27,57.51,1.945,1.857,2.815
2015-05-28,57.68,1.985,1.87,2.706
2015-05-29,60.3,2.086,1.955,2.642
2015-06-01,60.2,2.042,1.926,2.649
2015-06-02,61.26,2.065,1.946,2.698
2015-06-03,59.64,2.045,1.892,2.634
2015-06-04,58.0,1.981,1.844,2.626
2015-06-05,59.13,2.03,1.87,2.59
2015-06-08,58.14,2.008,1.855,2.705
2015-06-09,60.14,2.077,1.918,2.846
2015-06-10,61.43,2.146,1.946,2.891
2015-06-11,60.77,2.138,1.921,2.825
2015-06-12,59.96,2.121,1.889,2.75
2015-06-15,59.52,2.099,1.87,2.889
2015-06-16,59.97,2.125,1.885,2.894
2015-06-17,59.92,2.101,1.91,2.855
2015-06-18,60.45,2.11,1.915,2.777
2015-06-19,59.61,2.059,1.867,2.816
2015-06-22,59.68,2.03,1.869,2.733
2015-06-23,61.01,2.077,1.911,2.726
2015-06-24,60.27,2.056,1.876,2.759
2015-06-25,59.7,2.037,1.862,2.85
2015-06-26,59.63,2.049,1.863,2.773
2015-06-29,58.33,2.03,1.837,2.805
2015-06-30,59.47,2.09,1.887,2.832
2015-07-01,56.96,2.007,1.839,2.783
2015-07-02,56.93,2.034,1.84,2.822
2015-07-06,52.53,1.924,1.709,2.756
2015-07-07,52.33,1.949,1.711,2.716
2015-07-08,51.65,1.999,1.715,2.685
2015-07-09,52.78,2.045,1.736,2.726
2015-07-10,52.74,2.017,1.74,2.77
2015-07-14,53.04,1.931,1.725,2.84
2015-07-15,51.41,1.859,1.669,2.918
2015-07-16,50.91,1.897,1.666,2.854
2015-07-17,50.89,1.929,1.664,2.87
2015-07-20,50.15,1.93,1.658,2.823
2015-07-21,50.36,1.921,1.678,2.882
2015-07-22,49.19,1.868,1.672,2.897
2015-07-23,48.45,1.852,1.655,2.816
2015-07-24,48.14,1.828,1.63,2.776
2015-07-27,47.39,1.82,1.596,2.789
2015-07-28,47.98,1.803,1.604,2.821
2015-07-29,48.79,1.822,1.598,2.886
2015-07-30,48.52,1.828,1.598,2.768
2015-07-31,47.12,1.841,1.584,2.716
2015-08-03,45.17,1.675,1.531,2.748
2015-08-04,45.74,1.685,1.548,2.812
2015-08-05,45.15,1.671,1.539,2.798
2015-08-06,44.66,1.648,1.55,2.813
2015-08-07,43.87,1.623,1.544,2.798
2015-08-10,44.96,1.694,1.592,2.842
2015-08-11,43.08,1.694,1.563,2.844
2015-08-12,43.3,1.764,1.587,2.931
2015-08-13,42.23,1.714,1.569,2.787
2015-08-14,42.5,1.687,1.558,2.801
2015-08-17,41.87,1.654,1.555,2.728
2015-08-18,42.62,1.647,1.559,2.704
2015-08-19,40.8,1.559,1.518,2.716
2015-08-20,41.14,1.535,1.496,2.755
2015-08-21,40.45,1.545,1.462,2.676
2015-08-24,38.24,1.471,1.393,2.65
2015-08-25,39.31,1.439,1.395,2.685
2015-08-26,38.6,1.355,1.381,2.693
2015-08-27,42.56,1.457,1.496,2.638
2015-08-28,45.22,1.522,1.576,2.715
2015-08-31,49.2,1.64,1.674,2.689
2015-09-01,45.41,1.396,1.578,2.702
2015-09-02,46.25,1.425,1.609,2.648
2015-09-03,46.75,1.437,1.619,2.725
2015-09-04,46.05,1.418,1.596,2.655
2015-09-08,45.94,1.402,1.594,2.71
2015-09-09,44.15,1.36,1.539,2.651
2015-09-10,45.92,1.394,1.575,2.683
2015-09-11,44.63,1.37,1.55,2.693
2015-09-14,44.0,1.304,1.504,2.758
2015-09-15,44.59,1.333,1.5,2.728
2015-09-16,47.15,1.382,1.541,2.66
2015-09-17,46.9,1.376,1.53,2.652
2015-09-18,44.68,1.356,1.491,2.605
2015-09-21,46.68,1.403,1.514,2.573
2015-09-22,45.83,1.416,1.532,2.577
2015-09-23,44.48,1.382,1.506,2.569
2015-09-24,44.91,1.365,1.524,2.591
2015-09-25,45.7,1.396,1.523,2.564
2015-09-28,44.43,1.349,1.477,2.563
2015-09-29,45.23,1.363,1.498,2.586
2015-09-30,45.09,1.389,1.513,2.524
2015-10-01,44.74,1.367,1.52,2.433
2015-10-02,45.54,1.341,1.52,2.451
2015-10-05,46.26,1.385,1.548,2.45
2015-10-06,48.53,1.436,1.612,2.47
2015-10-07,47.81,1.39,1.58,2.474
2015-10-08,49.43,1.408,1.602,2.498
2015-10-09,49.63,1.417,1.591,2.502
2015-10-13,46.66,1.314,1.471,2.498
2015-10-14,46.64,1.308,1.483,2.518
2015-10-15,46.38,1.307,1.486,2.453
2015-10-16,47.26,1.328,1.497,2.43
2015-10-19,45.89,1.251,1.449,2.442
2015-10-20,45.55,1.278,1.449,2.476
2015-10-21,45.2,1.517,1.45,2.404
2015-10-22,45.38,1.307,1.465,2.386
2015-10-23,44.6,1.304,1.454,2.286
2015-10-26,43.98,1.288,1.426,2.062
2015-10-27,43.2,1.287,1.424,2.092
2015-10-28,45.94,1.35,1.484,2.033
2015-10-29,46.06,1.35,1.475,2.257
2015-10-30,46.59,1.405,1.499,2.321
2015-11-02,46.14,1.375,1.507,2.256
2015-11-03,47.9,1.446,1.566,2.253
2015-11-04,46.32,1.392,1.504,2.262
2015-11-05,45.2,1.361,1.487,2.364
2015-11-06,44.29,1.37,1.49,2.371
2015-11-09,43.87,1.371,1.477,2.3
2015-11-10,44.21,1.362,1.487,2.32
2015-11-12,41.75,1.273,1.407,2.26
2015-11-13,40.74,1.239,1.381,2.361
2015-11-16,41.74,1.239,1.385,2.385
2015-11-17,40.67,1.238,1.368,2.371
2015-11-18,40.75,1.266,1.38,2.347
2015-11-19,40.54,1.288,1.372,2.276
2015-11-20,40.39,1.29,1.371,2.145
2015-11-23,41.75,1.313,1.374,2.21
2015-11-24,42.87,1.39,1.4,2.2
2015-11-25,43.04,1.396,1.403,2.206
2015-11-27,41.71,1.391,1.352,2.212
2015-11-30,41.65,1.359,1.337,2.235
2015-12-01,41.85,1.363,1.369,2.231
2015-12-02,39.94,1.293,1.305,2.165
2015-12-03,41.08,1.296,1.359,2.181
2015-12-04,39.97,1.27,1.342,2.186
2015-12-07,37.65,1.209,1.28,2.067
2015-12-08,37.51,1.204,1.259,2.07
2015-12-09,37.16,1.232,1.239,2.062
2015-12-10,36.76,1.28,1.225,2.015
2015-12-11,35.62,1.282,1.146,1.99
2015-12-14,36.31,1.256,1.128,1.894
2015-12-15,37.35,1.244,1.147,1.822
2015-12-16,35.52,1.233,1.112,1.79
2015-12-17,34.95,1.262,1.105,1.755
2015-12-18,34.73,1.275,1.107,1.767
2015-12-21,34.74,1.209,1.1,1.911
2015-12-22,36.14,1.175,1.088,1.888
2015-12-23,37.5,1.241,1.119,1.983
2015-12-24,38.1,1.264,1.101,2.029
2015-12-28,36.81,1.233,1.09,2.228
2015-12-29,37.87,1.276,1.13,2.372
2015-12-30,36.6,1.23,1.079,2.214
2015-12-31,37.04,1.267,1.101,2.337
2016-01-04,36.76,1.291,1.126,2.334
2016-01-05,35.97,1.257,1.125,2.325
2016-01-06,33.97,1.162,1.081,2.267
2016-01-07,33.27,1.146,1.066,2.382
2016-01-08,33.16,1.128,1.052,2.472
2016-01-11,31.41,1.113,1.015,2.396
2016-01-12,30.44,1.085,0.99,2.257
2016-01-13,30.48,1.053,0.969,2.269
2016-01-14,31.2,1.068,0.981,2.139
2016-01-15,29.42,1.021,0.934,2.1
2016-01-19,28.46,1.026,0.909,2.091
2016-01-20,26.55,1.018,0.866,2.118
2016-01-21,29.53,1.031,0.898,2.138
2016-01-22,32.19,1.084,0.996,2.139
2016-01-25,30.34,1.03,0.935,2.158
2016-01-26,31.45,1.047,0.968,2.18
2016-01-27,32.3,1.046,1.025,2.189
2016-01-28,33.22,1.079,1.031,2.182
2016-01-29,33.62,1.103,1.055,2.298
2016-02-01,31.62,1.083,1.037,2.152
2016-02-02,29.88,1.001,1.011,2.025
2016-02-03,32.28,1.014,1.079,2.038
2016-02-04,31.72,1.028,1.081,1.972
2016-02-05,30.89,0.993,1.059,2.063
2016-02-08,29.69,0.956,1.046,2.14
2016-02-09,27.94,0.899,0.975,2.098
2016-02-10,27.45,0.943,0.975,2.046
2016-02-11,26.21,0.942,0.979,1.994
2016-02-12,29.44,1.043,1.069,1.966
2016-02-16,29.04,0.971,1.027,1.903
2016-02-17,30.66,1.003,1.088,1.942
2016-02-18,30.77,0.972,1.079,1.852
2016-02-19,29.64,0.959,1.026,1.804
2016-02-22,31.48,1.001,1.055,1.821
2016-02-23,31.87,0.966,1.022,1.782
2016-02-24,32.15,1.01,1.059,1.778
2016-02-25,33.07,1.056,1.07,1.711
2016-02-26,32.78,1.017,1.051,1.791
2016-02-29,33.75,1.05,1.076,1.711
2016-03-01,34.4,1.304,1.1,1.742
2016-03-02,34.66,1.311,1.107,1.678
2016-03-03,34.57,1.299,1.12,1.639
2016-03-04,35.92,1.332,1.161,1.666
2016-03-07,37.9,1.393,1.223,1.69
2016-03-08,36.5,1.388,1.2,1.712
2016-03-09,38.29,1.471,1.233,1.752
2016-03-10,37.84,1.439,1.216,1.788
2016-03-11,38.5,1.444,1.218,1.822
2016-03-14,37.18,1.423,1.197,1.819
2016-03-15,36.34,1.408,1.178,1.851
2016-03-16,38.46,1.418,1.231,1.868
2016-03-17,40.2,1.438,1.255,1.936
2016-03-18,39.44,1.427,1.239,1.907
2016-03-21,39.91,1.459,1.237,1.828
2016-03-22,41.45,1.497,1.252,1.863
2016-03-23,39.79,1.454,1.204,1.794
2016-03-24,39.46,1.466,1.198,1.806
2016-03-28,39.39,1.468,1.18,1.848
2016-03-29,38.28,1.454,1.156,1.903
2016-03-30,38.32,1.436,1.16,1.996
2016-03-31,38.34,1.427,1.185,1.959
2016-04-01,36.79,1.402,1.132,1.956
2016-04-04,35.7,1.377,1.089,1.998
2016-04-05,35.89,1.378,1.075,1.954
2016-04-06,37.75,1.395,1.14,1.911
2016-04-07,37.26,1.381,1.126,2.018
2016-04-08,39.72,1.464,1.2,1.99
2016-04-11,40.36,1.508,1.215,1.912
2016-04-12,42.17,1.534,1.276,2.004
2016-04-13,41.76,1.53,1.266,2.036
2016-04-14,41.5,1.506,1.254,1.97
2016-04-15,40.36,1.461,1.232,1.902
2016-04-18,39.78,1.437,1.236,1.94
2016-04-19,41.08,1.48,1.263,2.088
2016-04-20,42.63,1.507,1.332,2.069
2016-04-21,43.18,1.516,1.3,2.068
2016-04-22,43.73,1.531,1.309,2.14
2016-04-25,42.64,1.513,1.29,2.063
2016-04-26,44.04,1.566,1.333,2.032
2016-04-27,45.33,1.581,1.38,1.995
2016-04-28,46.03,1.598,1.405,2.078
2016-04-29,45.92,1.585,1.378,2.178
2016-05-02,44.78,1.563,1.356,2.042
2016-05-03,43.65,1.51,1.333,2.086
2016-05-04,43.78,1.487,1.328,2.141
2016-05-05,44.32,1.491,1.329,2.076
2016-05-06,44.66,1.496,1.337,2.101
2016-05-09,43.44,1.443,1.286,2.098
2016-05-10,44.66,1.486,1.338,2.158
2016-05-11,46.23,1.582,1.397,2.173
2016-05-12,46.7,1.583,1.394,2.155
2016-05-13,46.21,1.588,1.403,2.096
2016-05-16,47.72,1.606,1.44,2.029
2016-05-17,48.31,1.634,1.467,2.048
2016-05-18,48.19,1.649,1.483,2.001
2016-05-19,48.16,1.634,1.479,2.039
2016-05-20,47.75,1.636,1.49,2.062
2016-05-23,48.08,1.646,1.478,2.055
2016-05-24,48.62,1.654,1.489,1.98
2016-05-25,49.56,1.642,1.513,1.992
2016-05-26,49.48,1.62,1.501,1.963
2016-05-27,49.33,1.632,1.494,2.169
2016-05-31,49.1,1.615,1.498,2.288
2016-06-01,49.01,1.615,1.499,2.381
2016-06-03,48.62,1.608,1.488,2.398
2016-06-06,49.69,1.589,1.503,2.466
2016-06-07,50.36,1.587,1.542,2.474
2016-06-08,51.23,1.62,1.571,2.468
2016-06-09,50.56,1.619,1.551,2.617
2016-06-10,49.07,1.56,1.516,2.556
2016-06-13,48.88,1.536,1.515,2.585
2016-06-14,48.49,1.521,1.502,2.604
2016-06-15,48.01,1.501,1.478,2.595
2016-06-16,46.21,1.465,1.423,2.58
2016-06-17,47.98,1.505,1.482,2.623
2016-06-20,49.37,1.583,1.527,2.747
2016-06-21,48.85,1.593,1.517,2.768
2016-06-22,49.13,1.588,1.505,2.677
2016-06-23,50.11,1.604,1.521,2.698
2016-06-24,47.64,1.525,1.455,2.662
2016-06-27,46.33,1.477,1.429,2.716
2016-06-28,47.85,1.51,1.471,2.917
2016-06-29,49.88,1.525,1.534,2.863
2016-06-30,48.33,1.501,1.485,2.924
2016-07-01,48.99,1.514,1.512,2.987
2016-07-05,46.6,1.429,1.446,2.764
2016-07-06,47.43,1.433,1.471,2.786
2016-07-07,45.14,1.363,1.411,2.777
2016-07-08,45.41,1.371,1.412,2.801
2016-07-11,44.76,1.384,1.416,2.702
2016-07-12,46.8,1.43,1.463,2.734
2016-07-13,44.75,1.378,1.381,2.737
2016-07-14,45.68,1.414,1.406,2.727
2016-07-15,45.95,1.422,1.397,2.756
2016-07-18,45.24,1.387,1.378,2.722
2016-07-19,44.65,1.376,1.384,2.728
2016-07-20,44.94,1.364,1.405,2.658
2016-07-21,44.75,1.355,1.371,2.692
2016-07-22,44.19,1.362,1.357,2.777
2016-07-25,43.13,1.334,1.323,2.747
2016-07-26,42.92,1.345,1.326,2.712
2016-07-27,41.92,1.321,1.295,2.672
2016-07-28,41.14,1.306,1.27,2.873
2016-07-29,41.6,1.321,1.276,2.876
2016-08-01,40.06,1.304,1.258,2.771
2016-08-02,39.51,1.312,1.259,2.733
2016-08-03,40.83,1.35,1.288,2.839
2016-08-04,41.93,1.368,1.326,2.834
2016-08-05,41.8,1.376,1.317,2.772
2016-08-08,43.02,1.362,1.344,2.748
2016-08-09,42.77,1.346,1.331,2.615
2016-08-10,41.71,1.301,1.318,2.561
2016-08-11,43.49,1.362,1.385,2.551
2016-08-12,44.49,1.371,1.409,2.586
2016-08-15,45.74,1.401,1.45,2.59
2016-08-16,46.58,1.423,1.461,2.617
2016-08-17,46.79,1.451,1.489,2.619
2016-08-18,48.22,1.49,1.526,2.674
2016-08-19,48.52,1.513,1.52,2.584
2016-08-22,47.05,1.484,1.486,2.679
2016-08-23,48.1,1.499,1.502,2.761
2016-08-24,46.77,1.51,1.496,2.796
2016-08-25,47.33,1.511,1.509,2.846
2016-08-26,47.64,1.513,1.497,2.871
2016-08-29,46.98,1.467,1.486,2.853
2016-08-30,46.35,1.448,1.471,2.827
2016-08-31,44.7,1.412,1.41,2.887
2016-09-01,43.16,1.272,1.382,2.792
2016-09-02,44.44,1.302,1.41,2.792
2016-09-06,44.83,1.316,1.409,2.717
2016-09-07,45.5,1.346,1.427,2.676
2016-09-08,47.62,1.417,1.482,2.806
2016-09-09,45.88,1.361,1.43,2.797
2016-09-12,46.29,1.39,1.442,2.915
2016-09-13,44.9,1.377,1.423,2.909
2016-09-14,43.58,1.362,1.382,2.889
2016-09-15,43.91,1.43,1.416,2.927
2016-09-16,43.03,1.462,1.405,2.948
2016-09-19,43.3,1.421,1.394,2.934
2016-09-20,43.44,1.365,1.405,3.047
2016-09-21,45.34,1.399,1.429,3.057
2016-09-22,46.32,1.402,1.454,2.99
2016-09-23,44.48,1.377,1.407,2.955
2016-09-26,45.93,1.402,1.449,2.997
2016-09-27,44.67,1.394,1.41,2.996
2016-09-28,47.05,1.478,1.491,2.952
2016-09-29,47.83,1.467,1.51,2.959
2016-09-30,48.24,1.487,1.528,2.906
2016-10-03,48.81,1.471,1.553,2.923
2016-10-04,48.69,1.5,1.554,2.964
2016-10-05,49.83,1.493,1.582,3.041
2016-10-06,50.44,1.498,1.596,3.049
2016-10-07,49.81,1.482,1.579,3.193
2016-10-11,50.79,1.483,1.587,3.237
2016-10-12,50.18,1.462,1.567,3.21
2016-10-13,50.44,1.482,1.58,3.341
2016-10-14,50.35,1.494,1.567,3.285
2016-10-17,49.94,1.492,1.556,3.244
2016-10-18,50.29,1.506,1.569,3.263
2016-10-19,51.6,1.514,1.588,3.17
2016-10-20,50.43,1.494,1.56,3.141
2016-10-21,50.85,1.531,1.574,2.993
2016-10-24,50.52,1.504,1.58,2.831
2016-10-25,49.96,1.501,1.563,2.774
2016-10-26,49.18,1.483,1.551,2.731
2016-10-27,49.72,1.487,1.57,2.764
2016-10-28,48.7,1.469,1.542,3.105
2016-10-31,46.86,1.45,1.496,3.026
2016-11-01,46.67,1.484,1.517,2.902
2016-11-02,45.34,1.448,1.467,2.792
2016-11-03,44.66,1.425,1.458,2.769
2016-11-04,44.07,1.379,1.43,2.767
2016-11-07,44.89,1.371,1.441,2.816
2016-11-08,44.98,1.369,1.441,2.633
2016-11-09,45.27,1.357,1.441,2.69
2016-11-10,44.66,1.338,1.437,2.632
2016-11-14,43.32,1.278,1.386,2.749
2016-11-15,45.81,1.335,1.444,2.709
2016-11-16,45.57,1.319,1.435,2.764
2016-11-17,45.42,1.343,1.447,2.703
2016-11-18,45.69,1.339,1.458,2.843
2016-11-21,47.49,1.397,1.525,2.95
2016-11-22,48.03,1.41,1.526,2.982
2016-11-23,47.96,1.422,1.517,3.026
2016-11-28,47.08,1.413,1.513,3.232
2016-11-29,45.23,1.377,1.463,3.315
2016-11-30,49.44,1.491,1.571,3.352
2016-12-01,51.06,1.547,1.648,3.505
2016-12-02,51.68,1.559,1.658,3.436
2016-12-05,51.79,1.558,1.657,3.654
2016-12-06,50.93,1.536,1.638,3.635
2016-12-07,49.77,1.508,1.618,3.603
2016-12-08,50.84,1.505,1.626,3.695
2016-12-09,51.5,1.507,1.637,3.746
2016-12-12,52.83,1.543,1.672,3.507
2016-12-13,52.98,1.551,1.675,3.474
2016-12-14,51.04,1.533,1.644,3.54
2016-12-16,51.9,1.557,1.672,3.415
2016-12-19,52.12,1.564,1.669,3.392
2016-12-20,52.23,1.594,1.669,3.263
2016-12-21,52.49,1.606,1.64,3.542
2016-12-22,52.95,1.604,1.661,3.538
2016-12-23,53.02,1.626,1.663,3.662
2016-12-27,53.9,1.653,1.699,3.761
2016-12-28,54.06,1.675,1.699,3.93
2016-12-29,53.77,1.682,1.704,3.802
2016-12-30,53.72,1.665,1.704,3.724
2017-01-03,52.33,1.622,1.677,3.327
2017-01-04,53.26,1.646,1.693,3.267
2017-01-05,53.76,1.638,1.694,3.273
2017-01-06,53.99,1.634,1.703,3.285
2017-01-09,51.96,1.571,1.638,3.103
2017-01-10,50.82,1.547,1.611,3.278
2017-01-11,52.25,1.593,1.652,3.224
2017-01-12,53.01,1.611,1.676,3.386
2017-01-13,52.37,1.612,1.651,3.419
2017-01-17,52.48,1.6,1.649,3.412
2017-01-18,51.08,1.549,1.609,3.302
2017-01-19,51.37,1.535,1.618,3.368
2017-01-20,52.42,1.566,1.646,3.204
2017-01-23,52.75,1.567,1.627,3.243
2017-01-24,53.18,1.576,1.642,3.279
2017-01-25,52.75,1.524,1.611,3.332
2017-01-26,53.78,1.543,1.641,3.382
2017-01-27,53.17,1.527,1.619,3.391
2017-01-30,52.63,1.506,1.607,3.232
2017-01-31,52.81,1.526,1.612,3.117
2017-02-01,53.88,1.579,1.674,3.168
2017-02-02,53.54,1.533,1.652,3.187
2017-02-03,53.83,1.554,1.665,3.063
2017-02-06,53.01,1.51,1.635,3.05
2017-02-07,52.17,1.488,1.622,3.13
2017-02-08,52.34,1.553,1.636,3.126
2017-02-09,53.0,1.57,1.642,3.141
2017-02-10,53.86,1.59,1.666,3.034
2017-02-13,52.93,1.545,1.627,2.944
2017-02-14,53.2,1.547,1.638,2.905
2017-02-15,53.11,1.548,1.631,2.925
2017-02-16,53.36,1.525,1.629,2.854
2017-02-17,53.4,1.517,1.636,2.834
2017-02-21,54.06,1.494,1.643,2.564
2017-02-22,53.59,1.513,1.63,2.592
2017-02-23,54.45,1.529,1.657,2.617
2017-02-24,53.99,1.515,1.64,2.627
2017-02-27,54.05,1.533,1.64,2.693
2017-02-28,54.01,1.512,1.621,2.774
2017-03-01,53.83,1.678,1.624,2.799
2017-03-02,52.61,1.643,1.579,2.804
2017-03-03,53.33,1.653,1.594,2.827
2017-03-06,53.2,1.672,1.605,2.901
2017-03-07,53.14,1.68,1.614,2.824
2017-03-08,50.28,1.653,1.557,2.901
2017-03-09,49.28,1.624,1.53,2.974
2017-03-10,48.49,1.6,1.504,3.008
2017-03-13,48.4,1.581,1.501,3.043
2017-03-14,47.72,1.584,1.492,2.938
2017-03-15,48.86,1.583,1.512,2.981
2017-03-16,48.75,1.594,1.504,2.902
2017-03-17,48.78,1.599,1.509,2.948
2017-03-20,48.22,1.611,1.514,3.041
2017-03-21,47.34,1.605,1.503,3.093
2017-03-22,48.04,1.602,1.497,3.011
2017-03-23,47.7,1.59,1.49,3.051
2017-03-24,47.97,1.605,1.498,3.076
2017-03-27,47.73,1.619,1.503,3.052
2017-03-28,48.37,1.635,1.517,3.096
2017-03-29,49.51,1.672,1.543,3.175
2017-03-30,50.35,1.681,1.558,3.191
2017-03-31,50.6,1.7,1.574,3.19
2017-04-03,50.24,1.694,1.563,3.128
2017-04-04,51.03,1.722,1.592,3.293
2017-04-05,51.15,1.715,1.604,3.266
2017-04-06,51.7,1.73,1.613,3.331
2017-04-07,52.24,1.746,1.628,3.261
2017-04-10,53.08,1.758,1.647,3.238
2017-04-11,53.4,1.758,1.651,3.15
2017-04-12,53.11,1.742,1.652,3.187
2017-04-13,53.18,1.735,1.65,3.227
2017-04-17,52.65,1.72,1.633,3.163
2017-04-18,52.41,1.711,1.622,3.145
2017-04-19,50.44,1.659,1.581,3.185
2017-04-20,50.27,1.671,1.579,3.159
2017-04-21,49.62,1.645,1.553,3.101
2017-04-24,49.23,1.621,1.543,3.066
2017-04-25,49.56,1.623,1.545,3.043
2017-04-26,49.62,1.59,1.537,3.142
2017-04-27,48.97,1.55,1.507,3.239
2017-04-28,49.33,1.548,1.504,3.276
2017-05-01,48.84,1.527,1.488,3.215
2017-05-02,47.66,1.514,1.468,3.195
2017-05-03,47.82,1.534,1.474,3.228
2017-05-04,45.52,1.481,1.412,3.186
2017-05-05,46.22,1.505,1.437,3.266
2017-05-08,46.43,1.518,1.456,3.172
2017-05-09,45.88,1.49,1.442,3.227
2017-05-10,47.33,1.54,1.475,3.292
2017-05-11,47.83,1.562,1.49,3.376
2017-05-12,47.84,1.576,1.493,3.424
2017-05-15,48.85,1.595,1.51,3.349
2017-05-16,48.66,1.604,1.516,3.23
2017-05-17,49.07,1.603,1.534,3.192
2017-05-18,49.35,1.606,1.545,3.182
2017-05-19,50.33,1.652,1.583,3.256
2017-05-22,50.73,1.663,1.602,3.33
2017-05-23,51.47,1.661,1.607,3.219
2017-05-24,51.36,1.653,1.606,3.209
2017-05-25,48.9,1.609,1.551,3.184
2017-05-26,49.8,1.643,1.563,3.236
2017-05-30,49.66,1.639,1.549,3.145
2017-05-31,48.32,1.612,1.515,3.071
2017-06-01,48.36,1.601,1.502,3.008
2017-06-02,47.66,1.577,1.485,2.999
2017-06-05,47.4,1.538,1.459,2.982
2017-06-06,48.19,1.555,1.466,3.042
2017-06-07,45.72,1.491,1.416,3.02
2017-06-08,45.64,1.492,1.422,3.028
2017-06-09,45.83,1.502,1.431,3.039
2017-06-12,46.08,1.488,1.425,3.024
2017-06-13,46.46,1.5,1.448,2.966
2017-06-14,44.73,1.433,1.41,2.933
2017-06-15,44.46,1.436,1.415,3.056
2017-06-16,44.74,1.455,1.427,3.037
2017-06-19,44.2,1.451,1.411,2.894
2017-06-20,43.23,1.424,1.395,2.907
2017-06-21,42.53,1.411,1.365,2.893
2017-06-22,42.74,1.435,1.372,2.894
2017-06-23,43.01,1.434,1.372,2.929
2017-06-26,43.38,1.439,1.38,3.027
2017-06-27,44.24,1.46,1.414,3.037
2017-06-28,44.74,1.483,1.433,3.067
2017-06-29,44.93,1.486,1.446,3.042
2017-06-30,46.04,1.515,1.476,3.035
2017-07-03,47.07,1.535,1.513,2.951
2017-07-05,45.13,1.502,1.479,2.84
2017-07-06,45.52,1.529,1.482,2.888
2017-07-07,44.23,1.498,1.448,2.864
2017-07-10,44.4,1.501,1.454,2.929
2017-07-11,45.04,1.518,1.476,3.047
2017-07-12,45.49,1.521,1.474,2.985
2017-07-13,46.08,1.526,1.492,2.961
2017-07-14,46.54,1.561,1.515,2.98
2017-07-17,46.02,1.557,1.5,3.02
2017-07-18,46.4,1.579,1.51,3.088
2017-07-19,47.12,1.617,1.551,3.066
2017-07-20,46.79,1.606,1.544,3.043
2017-07-21,45.77,1.563,1.515,2.97
2017-07-24,46.34,1.557,1.517,2.899
2017-07-25,47.89,1.596,1.569,2.944
2017-07-26,48.75,1.617,1.595,2.924
2017-07-27,49.04,1.645,1.603,2.969
2017-07-28,49.71,1.676,1.64,2.941
2017-07-31,50.17,1.706,1.652,2.794
2017-08-01,49.16,1.661,1.641,2.819
2017-08-02,49.59,1.645,1.659,2.811
2017-08-03,49.03,1.632,1.639,2.8
2017-08-04,49.58,1.646,1.649,2.774
2017-08-07,49.39,1.63,1.64,2.801
2017-08-08,49.17,1.621,1.629,2.822
2017-08-09,49.56,1.62,1.653,2.883
2017-08-10,48.59,1.603,1.631,2.985
2017-08-11,48.82,1.613,1.635,2.983
2017-08-14,47.59,1.577,1.606,2.959
2017-08-15,47.55,1.58,1.6,2.935
2017-08-16,46.78,1.564,1.574,2.89
2017-08-17,47.09,1.587,1.582,2.929
2017-08-18,48.51,1.624,1.62,2.893
2017-08-21,47.37,1.584,1.571,2.962
2017-08-22,47.64,1.591,1.591,2.939
2017-08-23,48.41,1.619,1.624,2.928
2017-08-24,47.43,1.664,1.621,2.949
2017-08-25,47.87,1.667,1.622,2.892
2017-08-28,46.57,1.712,1.635,2.925
2017-08-29,46.44,1.783,1.666,2.961
2017-08-30,45.96,1.885,1.674,2.939
2017-08-31,47.23,2.14,1.758,3.04
2017-09-01,47.29,1.748,1.747,3.07
2017-09-05,48.66,1.699,1.748,2.972
2017-09-06,49.16,1.673,1.76,3.0
2017-09-07,49.09,1.661,1.786,2.981
2017-09-08,47.48,1.648,1.766,2.89
2017-09-11,48.07,1.635,1.743,2.95
2017-09-12,48.23,1.656,1.741,3.001
2017-09-13,49.3,1.647,1.769,3.058
2017-09-14,49.89,1.629,1.778,3.07
2017-09-15,49.89,1.662,1.799,3.024
2017-09-18,49.91,1.669,1.78,3.146
2017-09-19,49.48,1.655,1.773,3.122
2017-09-20,50.41,1.655,1.807,3.094
2017-09-21,50.55,1.644,1.815,2.946
2017-09-22,50.66,1.668,1.816,2.959
2017-09-25,52.22,1.722,1.856,2.919
2017-09-26,51.88,1.699,1.845,2.918
2017-09-27,52.14,1.654,1.846,2.974
2017-09-28,51.56,1.632,1.832,3.017
2017-09-29,51.67,1.607,1.812,3.007
2017-10-02,50.58,1.555,1.767,2.916
2017-10-03,50.42,1.566,1.751,2.895
2017-10-04,49.98,1.581,1.774,2.94
2017-10-05,50.79,1.611,1.786,2.923
2017-10-06,49.29,1.559,1.744,2.863
2017-10-10,50.92,1.592,1.765,2.891
2017-10-11,51.3,1.609,1.786,2.889
2017-10-12,50.6,1.583,1.766,2.989
2017-10-13,51.45,1.622,1.797,3.0
2017-10-16,51.87,1.617,1.813,2.946
2017-10-17,51.88,1.63,1.81,2.962
2017-10-18,52.04,1.643,1.803,2.854
2017-10-19,51.29,1.645,1.777,2.873
2017-10-20,51.47,1.678,1.805,2.915
2017-10-23,51.9,1.678,1.788,2.991
2017-10-24,52.47,1.716,1.822,2.974
2017-10-25,52.18,1.735,1.818,2.919
2017-10-26,52.64,1.751,1.842,2.89
2017-10-27,53.9,1.769,1.867,2.752
2017-10-30,54.15,1.764,1.878,2.966
2017-10-31,54.38,1.78,1.885,2.896
2017-11-01,54.3,1.741,1.863,2.893
2017-11-02,54.54,1.77,1.854,2.935
2017-11-03,55.64,1.793,1.887,2.984
2017-11-06,57.35,1.83,1.942,3.134
2017-11-07,57.2,1.815,1.922,3.152
2017-11-08,56.81,1.821,1.922,3.175
2017-11-09,57.17,1.82,1.947,3.2
2017-11-13,56.76,1.793,1.932,3.167
2017-11-14,55.7,1.761,1.907,3.102
2017-11-15,55.33,1.739,1.909,3.08
2017-11-16,55.14,1.714,1.902,3.053
2017-11-17,56.55,1.745,1.947,3.097
2017-11-20,56.09,1.744,1.932,3.047
2017-11-21,56.83,1.773,1.936,3.017
2017-11-22,58.02,1.768,1.933,2.968
2017-11-27,58.11,1.789,1.948,2.928
2017-11-28,57.99,1.772,1.951,3.074
2017-11-29,57.3,1.731,1.922,3.179
2017-11-30,57.4,1.728,1.893,3.025
2017-12-01,58.36,1.742,1.941,3.061
2017-12-04,57.47,1.692,1.895,2.985
2017-12-05,57.62,1.718,1.914,2.914
2017-12-06,55.96,1.661,1.861,2.922
2017-12-07,56.69,1.7,1.897,2.763
2017-12-08,57.36,1.717,1.929,2.772
2017-12-11,57.99,1.727,1.951,2.828
2017-12-12,57.14,1.698,1.934,2.678
2017-12-13,56.6,1.647,1.904,2.715
2017-12-14,57.04,1.671,1.91,2.684
2017-12-15,57.3,1.655,1.904,2.612
2017-12-18,57.16,1.673,1.925,2.745
2017-12-19,57.46,1.697,1.94,2.692
2017-12-20,58.09,1.735,1.944,2.637
2017-12-21,58.36,1.748,1.95,2.598
2017-12-22,58.47,1.762,1.969,2.667
2017-12-26,59.97,1.787,2.039,2.643
2017-12-27,59.64,1.792,2.04,2.738
2017-12-28,59.84,1.793,2.052,2.914
2018-01-02,60.37,1.763,2.058,3.056
2018-01-03,61.63,1.797,2.088,3.008
2018-01-04,62.01,1.807,2.077,2.88
2018-01-05,61.44,1.786,2.059,2.795
2018-01-08,61.73,1.792,2.045,2.835
2018-01-09,62.96,1.836,2.066,2.923
2018-01-10,63.57,1.833,2.081,2.906
2018-01-11,63.8,1.837,2.077,3.084
2018-01-12,64.3,1.85,2.085,3.2
2018-01-16,63.73,1.838,2.063,3.129
2018-01-17,63.97,1.858,2.069,3.232
2018-01-18,63.95,1.884,2.062,3.189
2018-01-19,63.37,1.864,2.058,3.185
2018-01-22,63.49,1.88,2.057,3.224
2018-01-23,64.47,1.909,2.086,3.444
2018-01-24,65.61,1.916,2.106,3.509
2018-01-25,65.51,1.915,2.115,3.447
2018-01-26,66.14,1.938,2.136,3.505
2018-01-29,65.56,1.935,2.105,3.631
2018-01-30,64.5,1.895,2.072,3.195
2018-01-31,64.73,1.908,2.069,2.995
2018-02-01,65.8,1.896,2.09,2.856
2018-02-02,65.45,1.872,2.054,2.846
2018-02-05,64.15,1.847,2.02,2.747
2018-02-06,63.39,1.805,1.985,2.759
2018-02-07,61.79,1.766,1.931,2.702
2018-02-08,61.15,1.765,1.921,2.697
2018-02-09,59.2,1.7,1.855,2.584
2018-02-12,59.29,1.679,1.839,2.552
2018-02-13,59.19,1.685,1.837,2.594
2018-02-14,60.6,1.713,1.884,2.587
2018-02-15,61.34,1.736,1.892,2.58
2018-02-16,61.68,1.751,1.91,2.558
2018-02-20,61.9,1.75,1.928,2.616
2018-02-21,61.68,1.757,1.932,2.659
2018-02-22,62.77,1.766,1.953,2.634
2018-02-23,63.55,1.809,1.969,2.625
2018-02-26,63.91,1.827,1.986,2.639
2018-02-27,63.01,1.803,1.963,2.683
2018-02-28,61.64,1.758,1.914,2.667
2018-03-01,60.99,1.896,1.886,2.698
2018-03-02,61.25,1.901,1.88,2.695
2018-03-05,62.57,1.935,1.897,2.704
2018-03-06,62.6,1.933,1.903,2.749
2018-03-07,61.15,1.91,1.875,2.777
2018-03-08,60.12,1.868,1.859,2.756
2018-03-09,62.04,1.904,1.887,2.732
2018-03-12,61.36,1.894,1.865,2.778
2018-03-13,60.71,1.886,1.874,2.786
2018-03-14,60.96,1.924,1.887,2.731
2018-03-15,61.19,1.925,1.893,2.681
2018-03-16,62.34,1.946,1.912,2.688
2018-03-19,62.06,1.925,1.907,2.651
2018-03-20,63.4,1.966,1.95,2.675
2018-03-21,65.17,2.012,2.004,2.638
2018-03-22,64.3,2.01,1.992,2.617
2018-03-23,65.88,2.034,2.018,2.591
2018-03-26,65.55,2.01,2.015,2.618
2018-03-27,65.25,2.014,2.022,2.691
2018-03-28,64.38,2.012,2.015,2.698
2018-03-29,64.94,2.018,2.028,2.733
2018-04-02,63.01,1.966,1.98,2.683
2018-04-03,63.51,1.974,1.995,2.697
2018-04-04,63.37,1.977,1.977,2.718
2018-04-05,63.54,1.982,1.977,2.675
2018-04-06,62.06,1.955,1.958,2.701
2018-04-09,63.42,1.984,1.997,2.693
2018-04-10,65.51,2.041,2.065,2.656
2018-04-11,66.82,2.068,2.093,2.675
2018-04-12,67.07,2.055,2.084,2.686
2018-04-13,67.39,2.065,2.1,2.735
2018-04-16,66.22,2.04,2.07,2.752
2018-04-17,66.52,2.041,2.057,2.738
2018-04-18,68.47,2.068,2.091,2.739
2018-04-19,68.29,2.077,2.109,2.66
2018-04-20,68.38,2.096,2.123,2.739
2018-04-23,68.64,2.124,2.141,2.74
2018-04-24,67.7,2.095,2.128,2.781
2018-04-25,68.05,2.09,2.136,2.786
2018-04-26,68.19,2.112,2.16,2.821
2018-04-27,68.1,2.127,2.151,2.771
2018-04-30,68.57,2.129,2.167,2.763
2018-05-01,67.25,2.088,2.1,2.802
2018-05-02,67.93,2.08,2.122,2.754
2018-05-03,68.43,2.088,2.113,2.726
2018-05-04,69.72,2.114,2.154,2.711
2018-05-07,70.73,2.134,2.185,2.741
2018-05-08,69.06,2.111,2.158,2.732
2018-05-09,71.14,2.167,2.218,2.737
2018-05-10,71.36,2.189,2.223,2.814
2018-05-11,70.7,2.189,2.222,2.806
2018-05-14,70.96,2.2,2.25,2.842
2018-05-15,71.31,2.205,2.249,2.836
2018-05-16,71.49,2.25,2.269,2.815
2018-05-17,71.49,2.243,2.281,2.859
2018-05-18,71.28,2.233,2.266,2.847
2018-05-21,72.24,2.257,2.274,2.81
2018-05-22,72.13,2.27,2.28,2.908
2018-05-23,71.84,2.26,2.29,2.914
2018-05-24,70.71,2.234,2.267,2.94
2018-05-25,67.88,2.181,2.21,2.939
2018-05-29,66.73,2.144,2.186,2.875
2018-05-30,68.21,2.184,2.232,2.885
2018-05-31,67.04,2.16,2.191,2.952
2018-06-01,65.81,2.143,2.176,2.962
2018-06-04,64.75,2.122,2.153,2.93
2018-06-05,65.52,2.106,2.142,2.89
2018-06-06,64.73,2.07,2.127,2.896
2018-06-07,65.95,2.115,2.18,2.93
2018-06-08,65.74,2.115,2.164,2.89
2018-06-11,66.1,2.105,2.161,2.949
2018-06-12,66.36,2.09,2.162,2.939
2018-06-13,66.64,2.125,2.185,2.963
2018-06-14,66.89,2.091,2.159,2.965
2018-06-15,65.06,2.023,2.087,3.022
2018-06-18,65.85,2.055,2.132,2.951
2018-06-19,65.07,2.038,2.122,2.9
2018-06-20,66.22,2.024,2.107,2.964
2018-06-21,65.54,2.012,2.07,2.975
2018-06-22,68.58,2.071,2.125,2.945
2018-06-25,68.08,2.052,2.1,2.923
2018-06-26,70.53,2.075,2.129,2.939
2018-06-27,72.76,2.134,2.177,2.996
2018-06-28,73.45,2.133,2.178,2.94
2018-06-29,74.15,2.179,2.209,2.924
2018-07-02,73.94,2.105,2.156,2.862
2018-07-03,74.14,2.118,2.164,2.87
2018-07-05,72.94,2.129,2.179,2.837
2018-07-06,73.8,2.109,2.168,2.858
2018-07-09,73.85,2.149,2.196,2.828
2018-07-10,74.11,2.16,2.222,2.788
2018-07-11,70.38,2.061,2.101,2.829
2018-07-12,70.33,2.072,2.123,2.797
2018-07-13,71.01,2.107,2.133,2.752
2018-07-16,68.06,2.002,2.054,2.759
2018-07-17,68.08,2.026,2.07,2.74
2018-07-18,68.76,2.044,2.09,2.721
2018-07-19,69.46,2.044,2.09,2.769
2018-07-20,70.46,2.069,2.104,2.757
2018-07-23,67.89,2.091,2.118,2.721
2018-07-24,68.52,2.096,2.133,2.732
2018-07-25,69.3,2.123,2.151,2.775
2018-07-26,69.61,2.162,2.177,2.78
2018-07-27,68.69,2.162,2.155,2.822
2018-07-30,70.13,2.16,2.171,2.797
2018-07-31,68.76,2.129,2.132,2.782
2018-08-01,67.66,2.045,2.097,2.758
2018-08-02,68.96,2.068,2.132,2.816
2018-08-03,68.49,2.066,2.127,2.853
2018-08-06,69.01,2.065,2.139,2.86
2018-08-07,69.17,2.104,2.169,2.897
2018-08-08,66.94,2.02,2.116,2.949
2018-08-09,66.81,2.0,2.112,2.955
2018-08-10,67.63,2.039,2.14,2.944
2018-08-13,67.2,2.015,2.137,2.93
2018-08-14,67.04,2.034,2.129,2.959
2018-08-15,65.01,1.997,2.09,2.94
2018-08-16,65.46,1.987,2.096,2.908
2018-08-17,65.91,1.981,2.098,2.946
2018-08-20,66.43,2.015,2.114,2.941
2018-08-21,67.35,2.018,2.124,2.98
2018-08-22,67.86,2.068,2.168,2.956
2018-08-23,67.83,2.059,2.175,2.964
2018-08-24,68.72,2.078,2.202,2.917
2018-08-27,68.87,2.09,2.215,2.876
2018-08-28,68.53,2.079,2.211,2.852
2018-08-29,69.51,2.106,2.242,2.895
2018-08-30,70.25,2.144,2.248,2.874
2018-08-31,69.8,2.144,2.241,2.916
2018-09-04,69.87,1.994,2.255,2.823
2018-09-05,68.72,1.965,2.235,2.795
2018-09-06,67.77,1.951,2.209,2.772
2018-09-07,67.75,1.97,2.218,2.776
2018-09-10,67.54,1.959,2.218,2.804
2018-09-11,69.25,2.014,2.252,2.828
2018-09-12,70.37,2.035,2.258,2.829
2018-09-13,68.59,1.993,2.224,2.817
2018-09-14,68.99,1.97,2.209,2.767
2018-09-17,68.91,1.977,2.206,2.814
2018-09-18,69.85,2.005,2.236,2.933
2018-09-19,71.12,2.021,2.247,2.908
2018-09-20,70.8,2.015,2.228,2.976
2018-09-21,70.78,2.017,2.226,2.977
2018-09-24,72.08,2.055,2.286,3.038
2018-09-25,72.28,2.068,2.305,3.082
2018-09-26,71.57,2.059,2.3,3.021
2018-09-27,72.12,2.082,2.323,3.056
2018-09-28,73.25,2.101,2.352,3.008
2018-10-01,75.3,2.128,2.408,3.094
2018-10-02,75.23,2.127,2.408,3.166
2018-10-03,76.41,2.138,2.437,3.23
2018-10-04,74.33,2.1,2.4,3.165
2018-10-05,74.34,2.086,2.392,3.143
2018-10-08,74.29,2.094,2.394,3.267
2018-10-09,74.96,2.077,2.424,3.266
2018-10-10,73.17,2.02,2.395,3.284
2018-10-11,70.97,1.933,2.332,3.222
2018-10-12,71.34,1.942,2.321,3.161
2018-10-15,71.78,1.944,2.326,3.242
2018-10-16,71.92,1.977,2.34,3.239
2018-10-17,69.75,1.919,2.311,3.32
2018-10-18,68.65,1.891,2.295,3.198
2018-10-19,69.12,1.914,2.302,3.25
2018-10-22,69.17,1.907,2.318,3.138
2018-10-23,66.43,1.837,2.248,3.212
2018-10-24,66.82,1.822,2.252,3.166
2018-10-25,67.33,1.813,2.278,3.202
2018-10-26,67.59,1.815,2.303,3.185
2018-10-29,67.04,1.825,2.284,3.185
2018-10-30,66.18,1.806,2.26,3.187
2018-10-31,65.31,1.768,2.262,3.261
2018-11-01,63.69,1.717,2.201,3.237
2018-11-02,63.14,1.708,2.173,3.284
2018-11-05,63.1,1.692,2.196,3.567
2018-11-06,62.21,1.694,2.188,3.555
2018-11-07,61.67,1.647,2.237,3.555
2018-11-08,60.67,1.644,2.168,3.543
2018-11-09,60.19,1.621,2.173,3.719
2018-11-12,59.93,1.637,2.156,3.788
2018-11-13,55.69,1.543,2.063,4.101
2018-11-14,56.25,1.561,2.096,4.837
2018-11-15,56.46,1.557,2.074,4.038
2018-11-16,56.46,1.577,2.074,4.272
2018-11-19,56.76,1.583,2.086,4.7
2018-11-20,53.43,1.496,1.99,4.523
2018-11-21,54.63,1.511,1.97,4.451
2018-11-23,50.42,1.391,1.876,4.308
2018-11-26,51.63,1.443,1.893,4.248
2018-11-27,51.56,1.421,1.886,4.262
2018-11-28,50.29,1.398,1.838,4.715
2018-11-29,51.45,1.455,1.844,4.646
2018-11-30,50.93,1.441,1.846,4.612
2018-12-03,52.95,1.431,1.888,4.339
2018-12-04,53.25,1.443,1.901,4.457
2018-12-05,52.89,1.446,1.889,4.469
2018-12-06,51.49,1.433,1.858,4.327
2018-12-07,52.61,1.486,1.886,4.488
2018-12-10,51.0,1.419,1.844,4.545
2018-12-11,51.65,1.44,1.847,4.407
2018-12-12,51.15,1.42,1.851,4.136
2018-12-13,52.58,1.478,1.877,4.124
2018-12-14,51.2,1.434,1.845,3.827
2018-12-17,49.88,1.41,1.827,3.528
2018-12-18,46.24,1.351,1.754,3.838
2018-12-19,47.2,1.386,1.805,3.726
2018-12-20,45.88,1.322,1.75,3.583
2018-12-21,45.59,1.318,1.733,3.816
2018-12-24,42.53,1.249,1.662,3.467
2018-12-26,46.22,1.33,1.734,3.543
2018-12-27,44.61,1.304,1.678,3.642
2018-12-28,45.33,1.326,1.665,3.303
2018-12-31,45.41,1.324,1.681,2.94
2019-01-02,46.54,1.326,1.701,2.958
2019-01-03,47.09,1.35,1.742,2.945
2019-01-04,47.96,1.348,1.769,3.044
2019-01-07,48.52,1.341,1.778,2.944
2019-01-08,49.78,1.363,1.827,2.967
2019-01-09,52.36,1.425,1.881,2.984
2019-01-10,52.59,1.431,1.906,2.969
2019-01-11,51.59,1.401,1.88,3.099
2019-01-14,50.51,1.364,1.853,3.591
2019-01-15,52.11,1.411,1.872,3.501
2019-01-16,52.31,1.416,1.895,3.384
2019-01-17,52.07,1.43,1.884,3.413
2019-01-18,53.8,1.453,1.916,3.482
2019-01-22,52.57,1.402,1.901,3.04
2019-01-23,52.62,1.386,1.889,2.98
2019-01-24,53.13,1.388,1.886,3.099
2019-01-25,53.69,1.389,1.892,3.178
2019-01-28,51.99,1.333,1.838,2.911
2019-01-29,53.31,1.351,1.898,2.95
2019-01-30,54.23,1.382,1.898,2.854
2019-01-31,53.79,1.363,1.879,2.814
2019-02-01,55.26,1.437,1.913,2.734
2019-02-04,54.56,1.432,1.907,2.66
2019-02-05,53.66,1.426,1.898,2.662
2019-02-06,54.01,1.459,1.912,2.662
2019-02-07,52.64,1.426,1.901,2.551
2019-02-08,52.72,1.446,1.909,2.583
2019-02-11,52.41,1.419,1.892,2.642
2019-02-12,53.1,1.427,1.907,2.688
2019-02-13,53.9,1.465,1.939,2.575
2019-02-14,54.41,1.509,1.972,2.573
2019-02-15,55.59,1.573,2.02,2.625
2019-02-19,56.09,1.564,1.995,2.662
2019-02-20,56.92,1.598,2.018,2.636
2019-02-21,56.96,1.614,2.036,2.697
2019-02-22,57.26,1.611,2.031,2.717
2019-02-25,55.48,1.545,1.975,2.836
2019-02-26,55.5,1.586,1.999,2.855
2019-02-27,56.94,1.634,2.022,2.799
2019-02-28,57.22,1.629,2.024,2.812
2019-03-01,55.8,1.73,2.001,2.859
2019-03-04,56.59,1.749,2.014,2.857
2019-03-05,56.56,1.767,2.016,2.884
2019-03-06,56.22,1.789,2.016,2.841
2019-03-07,56.66,1.805,2.013,2.866
2019-03-08,56.07,1.802,2.0,2.865
2019-03-11,56.79,1.826,1.994,2.772
2019-03-12,56.87,1.816,1.986,2.784
2019-03-13,58.26,1.857,1.992,2.82
2019-03-14,58.61,1.85,1.985,2.855
2019-03-15,58.52,1.858,1.968,2.795
2019-03-18,59.09,1.883,1.969,2.85
2019-03-19,59.03,1.893,1.99,2.874
2019-03-20,59.83,1.917,2.008,2.82
2019-03-21,59.98,1.92,1.987,2.821
2019-03-22,59.04,1.926,1.966,2.753
2019-03-25,58.82,1.938,1.98,2.755
2019-03-26,59.94,1.956,1.99,2.74
2019-03-27,59.41,1.896,1.981,2.713
2019-03-28,59.3,1.88,1.972,2.712
2019-03-29,60.14,1.896,1.973,2.662
2019-04-01,61.59,1.899,1.988,2.708
2019-04-02,62.58,1.929,2.009,2.684
2019-04-03,62.46,1.951,2.007,2.677
2019-04-04,62.1,1.94,2.013,2.643
2019-04-05,63.08,1.969,2.042,2.664
2019-04-08,64.4,1.988,2.057,2.708
2019-04-09,63.98,1.999,2.045,2.699
2019-04-10,64.61,2.069,2.088,2.7
2019-04-11,63.58,2.031,2.067,2.664
2019-04-12,63.89,2.037,2.071,2.66
2019-04-15,63.4,2.012,2.061,2.59
2019-04-16,64.05,2.032,2.082,2.572
2019-04-17,63.76,2.042,2.069,2.517
2019-04-18,64.0,2.072,2.071,2.49
2019-04-22,65.7,2.13,2.104,2.524
2019-04-23,66.3,2.132,2.118,2.455
2019-04-24,65.89,2.129,2.099,2.462
2019-04-25,65.21,2.132,2.098,2.514
2019-04-26,63.3,2.101,2.051,2.566
2019-04-29,63.5,2.083,2.055,2.593
2019-04-30,63.91,2.123,2.081,2.575
2019-05-01,63.6,2.064,2.094,2.62
2019-05-02,61.81,2.018,2.078,2.589
2019-05-03,61.94,2.027,2.07,2.567
2019-05-06,62.25,1.997,2.068,2.524
2019-05-07,61.4,1.949,2.038,2.537
2019-05-08,62.12,1.975,2.056,2.61
2019-05-09,61.7,1.975,2.044,2.595
2019-05-10,61.66,1.989,2.05,2.619
2019-05-13,61.04,1.964,2.038,2.621
2019-05-14,61.78,1.977,2.059,2.659
2019-05-15,62.02,2.013,2.086,2.601
2019-05-16,62.87,2.062,2.123,2.639
2019-05-17,62.76,2.047,2.096,2.631
2019-05-20,63.1,2.01,2.074,2.673
2019-05-21,62.99,2.019,2.079,2.613
2019-05-22,61.42,1.991,2.049,2.543
2019-05-23,57.91,1.913,1.962,2.578
2019-05-24,58.63,1.935,1.971,2.598
2019-05-28,59.14,1.957,1.993,2.582
2019-05-29,58.81,1.945,1.968,2.633
2019-05-30,56.59,1.879,1.915,2.547
2019-05-31,53.5,1.802,1.842,2.454
2019-06-03,53.25,1.741,1.807,2.403
2019-06-04,53.48,1.724,1.822,2.416
2019-06-05,51.68,1.693,1.78,2.378
2019-06-06,52.59,1.708,1.788,2.324
2019-06-07,53.99,1.739,1.825,2.337
2019-06-10,53.26,1.73,1.806,2.357
2019-06-11,53.27,1.756,1.822,2.399
2019-06-12,51.14,1.686,1.78,2.386
2019-06-13,52.28,1.72,1.807,2.325
2019-06-14,52.51,1.733,1.829,2.387
2019-06-17,51.93,1.691,1.8,2.386
2019-06-18,53.9,1.721,1.828,2.328
2019-06-19,53.76,1.736,1.829,2.276
2019-06-20,56.65,1.786,1.884,2.185
2019-06-21,57.43,1.856,1.916,2.186
2019-06-24,57.9,1.855,1.909,2.303
2019-06-25,57.83,1.877,1.923,2.308
2019-06-26,59.38,1.97,1.971,2.291
2019-06-27,59.43,1.947,1.953,2.324
2019-06-28,58.47,1.943,1.945,2.308
2019-07-01,59.09,1.931,1.954,2.267
2019-07-02,56.25,1.87,1.886,2.24
2019-07-03,57.34,1.917,1.899,2.29
2019-07-05,57.51,1.93,1.905,2.418
2019-07-08,57.66,1.901,1.895,2.403
2019-07-09,57.83,1.927,1.911,2.425
2019-07-10,60.43,2.005,1.991,2.444
2019-07-11,60.2,1.99,1.979,2.416
2019-07-12,60.21,1.977,1.98,2.453
2019-07-15,59.58,1.93,1.952,2.408
2019-07-16,57.62,1.892,1.905,2.306
2019-07-17,56.78,1.879,1.893,2.304
2019-07-18,55.3,1.834,1.863,2.287
2019-07-19,55.63,1.841,1.89,2.251
2019-07-22,56.22,1.828,1.9,2.312
2019-07-23,56.77,1.861,1.922,2.3
2019-07-24,55.88,1.855,1.909,2.22
2019-07-25,56.02,1.88,1.914,2.244
2019-07-26,56.2,1.874,1.904,2.169
2019-07-29,56.87,1.863,1.911,2.141
2019-07-30,58.05,1.897,1.944,2.137
2019-07-31,58.58,1.902,1.955,2.233
2019-08-01,53.95,1.75,1.853,2.202
2019-08-02,55.66,1.782,1.89,2.121
2019-08-05,54.69,1.718,1.836,2.07
2019-08-06,53.63,1.687,1.824,2.111
2019-08-07,51.09,1.62,1.753,2.083
2019-08-08,52.54,1.646,1.777,2.128
2019-08-09,54.5,1.674,1.808,2.119
2019-08-12,54.93,1.665,1.806,2.105
2019-08-13,57.1,1.736,1.877,2.147
2019-08-14,55.23,1.676,1.844,2.143
2019-08-15,54.47,1.636,1.811,2.232
2019-08-16,54.87,1.657,1.813,2.2
2019-08-19,56.21,1.664,1.833,2.21
2019-08-20,56.34,1.681,1.854,2.218
2019-08-21,55.68,1.694,1.857,2.17
2019-08-22,55.35,1.668,1.841,2.159
2019-08-23,54.17,1.643,1.816,2.152
2019-08-26,53.64,1.617,1.792,2.23
2019-08-27,54.93,1.65,1.816,2.202
2019-08-28,55.78,1.682,1.851,2.251
2019-08-29,56.71,1.685,1.864,2.296
2019-08-30,55.1,1.613,1.828,2.285
2019-09-03,53.94,1.471,1.803,2.358
2019-09-04,56.26,1.533,1.88,2.445
2019-09-05,56.3,1.546,1.889,2.435
2019-09-06,56.52,1.574,1.9,2.496
2019-09-09,57.85,1.585,1.928,2.585
2019-09-10,57.4,1.591,1.931,2.58
2019-09-11,55.75,1.57,1.903,2.552
2019-09-12,55.09,1.553,1.885,2.574
2019-09-13,54.85,1.553,1.878,2.614
2019-09-16,62.9,1.752,2.084,2.681
2019-09-17,59.34,1.675,1.99,2.668
2019-09-18,58.11,1.658,1.973,2.637
2019-09-19,58.13,1.701,2.005,2.538
2019-09-20,58.09,1.678,1.986,2.534
2019-09-23,58.64,1.684,1.997,2.527
2019-09-24,57.29,1.654,1.968,2.503
2019-09-25,56.49,1.625,1.954,2.502
2019-09-26,56.41,1.661,1.955,2.428
2019-09-27,55.91,1.651,1.942,2.404
2019-09-30,54.07,1.605,1.906,2.33
2019-10-01,53.62,1.574,1.899,2.283
2019-10-02,52.64,1.546,1.873,2.247
2019-10-03,52.45,1.556,1.876,2.329
2019-10-04,52.81,1.573,1.895,2.352
2019-10-07,52.75,1.569,1.903,2.303
2019-10-08,52.63,1.581,1.91,2.288
2019-10-09,52.59,1.587,1.919,2.234
2019-10-10,53.55,1.623,1.921,2.218
2019-10-11,54.7,1.639,1.958,2.214
2019-10-14,53.59,1.613,1.915,2.28
2019-10-15,52.81,1.614,1.91,2.339
2019-10-16,53.36,1.625,1.943,2.303
2019-10-17,53.93,1.623,1.948,2.318
2019-10-18,53.78,1.623,1.947,2.32
2019-10-21,53.31,1.607,1.941,2.238
2019-10-22,54.16,1.609,1.944,2.272
2019-10-23,55.97,1.652,1.964,2.282
2019-10-24,56.23,1.663,1.986,2.316
2019-10-25,56.66,1.673,1.98,2.3
2019-10-28,55.81,1.673,1.962,2.446
2019-10-29,55.54,1.686,1.956,2.597
2019-10-30,55.06,1.665,1.914,2.691
2019-10-31,54.18,1.631,1.878,2.633
2019-11-01,56.2,1.656,1.933,2.714
2019-11-04,56.54,1.664,1.941,2.821
2019-11-05,57.23,1.675,1.957,2.862
2019-11-06,56.35,1.626,1.928,2.828
2019-11-07,57.15,1.636,1.92,2.772
2019-11-08,57.24,1.634,1.918,2.789
2019-11-12,56.8,1.614,1.898,2.621
2019-11-13,57.12,1.637,1.913,2.6
2019-11-14,56.77,1.616,1.918,2.647
2019-11-15,57.72,1.635,1.948,2.688
2019-11-18,57.05,1.621,1.905,2.566
2019-11-19,55.21,1.604,1.857,2.51
2019-11-20,57.11,1.656,1.892,2.559
2019-11-21,58.58,1.704,1.945,2.567
2019-11-22,57.77,1.674,1.929,2.665
2019-11-25,58.01,1.675,1.944,2.531
2019-11-26,58.41,1.705,1.961,2.47
2019-11-27,58.11,1.679,1.947,2.501
2019-11-29,55.17,1.597,1.879,2.281
2019-12-02,55.96,1.573,1.886,2.329
2019-12-03,56.1,1.563,1.88,2.441
2019-12-04,58.43,1.604,1.923,2.399
2019-12-05,58.43,1.621,1.933,2.427
2019-12-06,59.2,1.647,1.952,2.334
2019-12-09,59.02,1.655,1.944,2.232
2019-12-10,59.24,1.653,1.966,2.264
2019-12-11,58.76,1.626,1.929,2.243
2019-12-12,59.18,1.628,1.951,2.328
2019-12-13,60.07,1.663,1.986,2.296
2019-12-16,60.21,1.663,2.005,2.341
2019-12-17,60.94,1.686,2.033,2.319
2019-12-18,60.93,1.684,2.02,2.286
2019-12-19,61.22,1.707,2.03,2.273
2019-12-20,60.44,1.706,2.022,2.328
2019-12-23,60.52,1.705,2.022,2.214
2019-12-24,61.11,1.727,2.036,2.172
2019-12-26,61.68,1.754,2.052,2.294
2019-12-27,61.72,1.747,2.05,2.158
2019-12-30,61.68,1.728,2.041,2.186
2019-12-31,61.06,1.698,2.028,2.189
2020-01-02,61.18,1.704,2.024,2.122
2020-01-03,63.05,1.749,2.061,2.13
2020-01-06,63.27,1.754,2.034,2.135
2020-01-07,62.7,1.722,2.032,2.162
2020-01-08,59.61,1.649,1.958,2.141
2020-01-09,59.56,1.653,1.95,2.166
2020-01-10,59.04,1.66,1.928,2.202
2020-01-13,58.08,1.657,1.898,2.182
2020-01-14,58.23,1.654,1.91,2.187
2020-01-15,57.81,1.637,1.878,2.12
2020-01-16,58.52,1.655,1.86,2.077
2020-01-17,58.54,1.641,1.859,2.003
2020-01-21,58.34,1.637,1.829,1.895
2020-01-22,56.74,1.58,1.8,1.905
2020-01-23,55.59,1.56,1.792,1.926
2020-01-24,54.19,1.515,1.734,1.893
2020-01-27,53.14,1.484,1.68,1.902
2020-01-28,53.48,1.503,1.716,1.934
2020-01-29,53.33,1.531,1.704,1.877
2020-01-30,52.14,1.494,1.64,1.829
2020-01-31,51.56,1.489,1.625,1.841
2020-02-03,50.11,1.474,1.578,1.819
2020-02-04,49.61,1.443,1.584,1.872
2020-02-05,50.75,1.486,1.645,1.861
2020-02-06,50.95,1.498,1.665,1.862
2020-02-07,50.32,1.524,1.643,1.858
2020-02-10,49.57,1.521,1.613,1.766
2020-02-11,49.94,1.514,1.627,1.788
2020-02-12,51.17,1.581,1.676,1.844
2020-02-13,51.42,1.58,1.681,1.826
2020-02-14,52.05,1.583,1.698,1.837
2020-02-18,52.05,1.615,1.672,1.981
2020-02-19,53.29,1.663,1.707,1.955
2020-02-20,53.78,1.67,1.698,1.92
2020-02-21,53.38,1.651,1.687,1.905
2020-02-24,51.43,1.609,1.613,1.827
2020-02-25,49.9,1.532,1.569,1.847
2020-02-26,48.73,1.455,1.499,1.821
2020-02-27,47.09,1.411,1.489,1.752
2020-02-28,44.76,1.396,1.491,1.684
2020-03-02,46.75,1.54,1.529,1.756
2020-03-03,47.18,1.531,1.533,1.8
2020-03-04,46.78,1.556,1.533,1.827
2020-03-05,45.9,1.522,1.489,1.772
2020-03-06,41.28,1.389,1.385,1.708
2020-03-09,31.13,1.137,1.163,1.778
2020-03-10,34.36,1.157,1.25,1.936
2020-03-11,32.98,1.11,1.238,1.878
2020-03-12,31.5,0.898,1.16,1.841
2020-03-13,31.73,0.899,1.137,1.869
2020-03-16,28.7,0.69,1.047,1.815
2020-03-17,26.95,0.711,1.036,1.729
2020-03-18,20.37,0.638,0.954,1.604
2020-03-19,25.22,0.685,1.042,1.654
2020-03-20,22.43,0.605,1.006,1.604
2020-03-23,23.36,0.412,1.016,1.602
2020-03-24,24.01,0.444,1.08,1.653
2020-03-25,24.49,0.547,1.098,1.659
2020-03-26,22.6,0.544,1.05,1.637
2020-03-27,21.51,0.574,1.069,1.634
2020-03-30,20.09,0.586,1.019,1.69
2020-03-31,20.48,0.573,1.012,1.64
2020-04-01,20.31,0.547,0.932,1.587
2020-04-02,25.32,0.663,0.995,1.552
2020-04-03,28.34,0.692,1.071,1.621
2020-04-06,26.08,0.702,1.046,1.731
2020-04-07,23.63,0.648,1.028,1.852
2020-04-08,25.09,0.678,1.011,1.783
2020-04-09,22.76,0.677,0.973,1.733
2020-04-13,22.41,0.703,0.995,1.724
2020-04-14,20.11,0.72,0.944,1.65
2020-04-15,19.87,0.72,0.914,1.598
2020-04-16,19.87,0.705,0.946,1.686
2020-04-17,18.27,0.711,0.956,1.753
2020-04-20,-37.63,0.668,0.888,1.924
2020-04-21,10.01,0.51,0.727,1.821
2020-04-22,13.78,0.638,0.731,1.939
2020-04-23,16.5,0.644,0.735,1.815
2020-04-24,16.94,0.661,0.647,1.746
2020-04-27,12.78,0.648,0.61,1.819
2020-04-28,12.34,0.667,0.631,1.794
2020-04-29,15.06,0.727,0.695,1.869
2020-04-30,18.84,0.698,0.732,1.949
2020-05-01,19.78,0.766,0.796,1.89
2020-05-04,20.39,0.822,0.803,1.993
2020-05-05,24.56,0.901,0.896,2.134
2020-05-06,23.99,0.877,0.824,1.944
2020-05-07,23.55,0.931,0.837,1.894
2020-05-08,24.74,0.952,0.899,1.823
2020-05-11,24.14,0.924,0.869,1.826
2020-05-12,25.78,0.919,0.838,1.72
2020-05-13,25.29,0.853,0.831,1.616
2020-05-14,27.56,0.915,0.895,1.681
2020-05-15,29.43,0.97,0.92,1.646
2020-05-18,31.82,1.026,1.006,1.783
2020-05-19,32.5,1.045,0.974,1.83
2020-05-20,33.49,1.044,0.991,1.771
2020-05-21,33.92,1.045,0.989,1.71
2020-05-22,33.25,1.038,0.982,1.731
2020-05-26,34.35,1.049,0.991,1.793
2020-05-27,32.81,0.993,0.972,1.722
2020-05-28,33.71,0.999,0.926,1.827
2020-05-29,35.49,1.026,0.965,1.849
2020-06-01,35.44,1.067,1.029,1.774
2020-06-02,36.81,1.118,1.092,1.777
2020-06-03,37.29,1.119,1.065,1.821
2020-06-04,37.41,1.149,1.074,1.822
2020-06-05,39.55,1.214,1.151,1.782
2020-06-08,38.19,1.195,1.121,1.789
2020-06-09,38.94,1.21,1.155,1.767
2020-06-10,39.6,1.21,1.173,1.78
2020-06-11,36.34,1.119,1.088,1.813
2020-06-12,36.26,1.124,1.101,1.731
2020-06-15,37.12,1.166,1.137,1.669
2020-06-16,38.38,1.207,1.182,1.614
2020-06-17,37.96,1.215,1.182,1.638
2020-06-18,38.84,1.258,1.199,1.638
2020-06-19,39.75,1.272,1.211,1.669
2020-06-22,40.46,1.291,1.219,1.664
2020-06-23,40.37,1.299,1.203,1.637
2020-06-24,38.01,1.196,1.151,1.597
2020-06-25,38.72,1.194,1.156,1.482
2020-06-26,38.49,1.153,1.136,1.495
2020-06-29,39.7,1.184,1.165,1.709
2020-06-30,39.27,1.2,1.178,1.751
2020-07-01,39.82,1.217,1.2,1.671
2020-07-02,40.65,1.259,1.231,1.734
2020-07-06,40.63,1.241,1.242,1.83
2020-07-07,40.62,1.275,1.243,1.876
2020-07-08,40.9,1.291,1.234,1.824
2020-07-09,39.62,1.251,1.224,1.779
2020-07-10,40.55,1.283,1.241,1.805
2020-07-13,40.1,1.273,1.224,1.739
2020-07-14,40.29,1.247,1.221,1.746
2020-07-15,41.2,1.265,1.245,1.778
2020-07-16,40.75,1.234,1.228,1.723
2020-07-17,40.59,1.225,1.219,1.718
2020-07-20,40.81,1.229,1.236,1.641
2020-07-21,41.96,1.28,1.28,1.675
2020-07-22,41.9,1.283,1.271,1.681
2020-07-23,41.07,1.259,1.254,1.785
2020-07-24,41.29,1.285,1.256,1.808
2020-07-27,41.6,1.275,1.254,1.734
2020-07-28,41.04,1.266,1.242,1.8
2020-07-29,41.27,1.242,1.253,1.854
2020-07-30,39.92,1.22,1.212,1.829
2020-07-31,40.27,1.187,1.217,1.799
2020-08-03,41.01,1.213,1.241,2.101
2020-08-04,41.7,1.214,1.258,2.193
2020-08-05,42.19,1.223,1.263,2.191
2020-08-06,41.95,1.228,1.25,2.165
2020-08-07,41.22,1.208,1.22,2.238
2020-08-10,41.94,1.229,1.237,2.153
2020-08-11,41.61,1.205,1.238,2.171
2020-08-12,42.67,1.244,1.257,2.152
2020-08-13,42.24,1.235,1.238,2.182
2020-08-14,42.01,1.245,1.237,2.356
2020-08-17,42.89,1.27,1.239,2.339
2020-08-18,42.89,1.283,1.26,2.417
2020-08-19,42.93,1.291,1.251,2.426
2020-08-20,42.58,1.297,1.247,2.352
2020-08-21,42.34,1.284,1.208,2.448
2020-08-24,42.62,1.367,1.248,2.513
2020-08-25,43.35,1.396,1.26,2.489
2020-08-26,43.39,1.361,1.245,2.461
2020-08-27,43.04,1.285,1.211,2.579
2020-08-28,42.97,1.316,1.216,2.657
2020-08-31,42.61,1.276,1.196,2.63
2020-09-01,42.76,1.225,1.231,2.527
2020-09-02,41.51,1.202,1.189,2.486
2020-09-03,41.37,1.205,1.168,2.487
2020-09-04,39.77,1.177,1.152,2.588
2020-09-08,36.76,1.103,1.077,2.4
2020-09-09,38.05,1.119,1.106,2.406
2020-09-10,37.3,1.098,1.082,2.323
2020-09-11,37.33,1.095,1.09,2.269
2020-09-14,37.26,1.107,1.093,2.31
2020-09-15,38.28,1.138,1.099,2.362
2020-09-16,40.16,1.189,1.116,2.267
2020-09-17,40.97,1.224,1.16,2.042
2020-09-18,41.11,1.237,1.159,2.048
2020-09-21,39.31,1.177,1.107,1.835
2020-09-22,39.6,1.164,1.096,1.834
2020-09-23,39.93,1.181,1.108,2.125
2020-09-24,40.31,1.196,1.117,2.248
2020-09-25,40.25,1.214,1.126,2.139
2020-09-28,40.6,1.247,1.14,2.101
2020-09-29,39.29,1.202,1.109,2.561
2020-09-30,40.22,1.201,1.145,2.527
2020-10-01,38.72,1.152,1.125,2.527
2020-10-02,37.05,1.124,1.085,2.438
2020-10-05,39.22,1.194,1.133,2.615
2020-10-06,40.67,1.235,1.189,2.52
2020-10-07,39.95,1.201,1.161,2.606
2020-10-08,41.19,1.232,1.192,2.627
2020-10-09,40.6,1.203,1.193,2.741
2020-10-12,39.43,1.176,1.157,2.881
2020-10-13,40.2,1.183,1.169,2.855
2020-10-14,41.04,1.197,1.193,2.636
2020-10-15,40.96,1.18,1.189,2.775
2020-10-16,40.88,1.169,1.179,2.773
2020-10-19,40.83,1.162,1.158,2.795
2020-10-20,41.46,1.188,1.174,2.913
2020-10-21,40.03,1.14,1.14,3.023
2020-10-22,40.64,1.158,1.161,3.007
2020-10-23,39.85,1.139,1.151,2.971
2020-10-26,38.56,1.112,1.122,3.024
2020-10-27,39.57,1.143,1.158,3.019
2020-10-28,37.39,1.081,1.114,2.996
2020-10-29,36.17,1.052,1.088,3.301
2020-10-30,35.79,1.05,1.081,3.354
2020-11-02,36.81,1.052,1.112,3.244
2020-11-03,37.66,1.077,1.127,3.059
2020-11-04,39.15,1.108,1.174,3.046
2020-11-05,38.79,1.116,1.17,2.942
2020-11-06,37.14,1.084,1.143,2.888
2020-11-09,40.29,1.161,1.217,2.859
2020-11-10,41.36,1.194,1.253,2.949
2020-11-11,41.45,1.176,1.246,3.031
2020-11-12,41.12,1.157,1.233,2.976
2020-11-13,40.13,1.125,1.204,2.995
2020-11-16,41.34,1.147,1.229,2.697
2020-11-17,41.43,1.153,1.239,2.692
2020-11-18,41.82,1.163,1.264,2.712
2020-11-19,41.74,1.163,1.271,2.592
2020-11-20,42.15,1.175,1.286,2.65
2020-11-23,43.06,1.204,1.311,2.711
2020-11-24,44.91,1.258,1.36,2.775
2020-11-25,45.71,1.288,1.387,2.896
2020-11-30,45.34,1.249,1.356,2.882
2020-12-01,44.55,1.22,1.347,2.88
2020-12-02,45.28,1.24,1.366,2.78
2020-12-03,45.64,1.262,1.393,2.507
2020-12-04,46.26,1.269,1.403,2.575
2020-12-07,45.76,1.256,1.399,2.406
2020-12-08,45.6,1.256,1.407,2.399
2020-12-09,45.52,1.276,1.399,2.442
2020-12-10,46.78,1.317,1.436,2.553
2020-12-11,46.57,1.308,1.437,2.591
2020-12-14,46.99,1.319,1.454,2.682
2020-12-15,47.62,1.327,1.464,2.682
2020-12-16,47.82,1.353,1.478,2.677
2020-12-17,48.36,1.388,1.495,2.636
2020-12-18,49.1,1.396,1.513,2.7
2020-12-21,47.74,1.36,1.477,2.705
2020-12-22,47.02,1.34,1.462,2.78
2020-12-23,48.12,1.382,1.498,2.608
2020-12-24,48.23,1.379,1.49,2.518
2020-12-28,47.62,1.368,1.479,2.305
2020-12-29,48.0,1.388,1.487,2.467
2020-12-30,48.4,1.412,1.49,2.422
2020-12-31,48.52,1.408,1.476,2.539
2021-01-04,47.62,1.373,1.462,2.581
2021-01-05,49.93,1.452,1.519,2.702
2021-01-06,50.63,1.475,1.529,2.716
2021-01-07,50.83,1.483,1.538,2.729
2021-01-08,52.24,1.542,1.58,2.7
2021-01-11,52.25,1.521,1.574,2.747
2021-01-12,53.21,1.553,1.597,2.753
2021-01-13,52.91,1.549,1.599,2.727
2021-01-14,53.57,1.554,1.619,2.666
2021-01-15,52.36,1.528,1.593,2.737
2021-01-19,52.98,1.538,1.599,2.546
2021-01-20,53.24,1.544,1.6,2.539
2021-01-21,53.13,1.548,1.601,2.491
2021-01-22,52.27,1.549,1.576,2.446
2021-01-25,52.77,1.561,1.594,2.602
2021-01-26,52.61,1.581,1.598,2.656
2021-01-27,52.85,1.577,1.609,2.76
2021-01-28,52.34,1.583,1.602,2.664
2021-01-29,52.2,1.573,1.6,2.564
2021-02-01,53.55,1.59,1.647,2.85
2021-02-02,54.76,1.616,1.675,2.845
2021-02-03,55.69,1.649,1.691,2.789
2021-02-04,56.23,1.645,1.701,2.935
2021-02-05,56.85,1.649,1.714,2.863
2021-02-08,57.97,1.675,1.748,2.882
2021-02-09,58.36,1.674,1.757,2.835
2021-02-10,58.68,1.653,1.761,2.911
2021-02-11,58.24,1.65,1.745,2.868
2021-02-12,59.47,1.693,1.771,2.912
2021-02-16,60.05,1.773,1.814,3.129
2021-02-17,61.14,1.811,1.838,3.219
2021-02-18,60.52,1.794,1.836,3.082
2021-02-19,59.24,1.807,1.823,3.069
2021-02-22,61.49,1.842,1.859,2.953
2021-02-23,61.67,1.859,1.868,2.879
2021-02-24,63.22,1.896,1.908,2.854
2021-02-25,63.53,1.892,1.907,2.777
2021-02-26,61.5,1.877,1.857,2.771
2021-03-01,60.64,1.943,1.819,2.777
2021-03-02,59.75,1.936,1.808,2.839
2021-03-03,61.28,1.952,1.836,2.816
2021-03-04,63.83,1.998,1.896,2.746
2021-03-05,66.09,2.065,1.944,2.701
2021-03-08,65.05,2.049,1.909,2.664
2021-03-09,64.01,2.05,1.907,2.662
2021-03-10,64.44,2.08,1.917,2.692
2021-03-11,66.02,2.138,1.959,2.668
2021-03-12,65.61,2.15,1.968,2.6
2021-03-15,65.39,2.105,1.949,2.484
2021-03-16,64.8,2.101,1.933,2.562
2021-03-17,64.6,2.047,1.906,2.528
2021-03-18,60.0,1.944,1.784,2.481
2021-03-19,61.42,1.943,1.822,2.535
2021-03-22,61.55,1.96,1.829,2.582
2021-03-23,57.76,1.896,1.749,2.508
2021-03-24,61.18,1.989,1.826,2.518
2021-03-25,58.56,1.921,1.748,2.57
2021-03-26,60.97,1.967,1.81,2.557
2021-03-29,61.56,1.995,1.81,2.586
2021-03-30,60.55,1.989,1.789,2.623
2021-03-31,59.16,1.953,1.771,2.608
2021-04-01,61.45,2.022,1.832,2.639
2021-04-05,58.65,1.961,1.772,2.511
2021-04-06,59.33,1.966,1.794,2.456
2021-04-07,59.77,1.952,1.808,2.52
2021-04-08,59.6,1.959,1.81,2.522
2021-04-09,59.32,1.962,1.808,2.526
2021-04-12,59.7,1.97,1.808,2.561
2021-04-13,60.18,1.976,1.815,2.619
2021-04-14,63.15,2.036,1.89,2.618
2021-04-15,63.46,2.052,1.899,2.658
2021-04-16,63.13,2.04,1.896,2.68
2021-04-19,63.38,2.045,1.893,2.749
2021-04-20,62.44,2.017,1.88,2.727
2021-04-21,61.35,1.983,1.854,2.692
2021-04-22,61.43,1.975,1.861,2.749
2021-04-23,62.14,1.996,1.874,2.73
2021-04-26,61.91,1.979,1.879,2.79
2021-04-27,62.94,2.02,1.906,2.873
2021-04-28,63.86,2.072,1.939,2.925
2021-04-29,65.01,2.1,1.961,2.911
2021-04-30,63.58,2.07,1.921,2.931
2021-05-03,64.49,2.102,1.952,2.966
2021-05-04,65.69,2.151,1.999,2.967
2021-05-05,65.63,2.151,2.003,2.938
2021-05-06,64.71,2.114,1.99,2.928
2021-05-07,64.9,2.127,2.011,2.958
2021-05-10,64.92,2.133,2.017,2.932
2021-05-11,65.28,2.14,2.042,2.955
2021-05-12,66.08,2.161,2.07,2.969
2021-05-13,63.82,2.095,2.001,2.973
2021-05-14,65.37,2.127,2.036,2.961
2021-05-17,66.27,2.158,2.06,3.109
2021-05-18,65.49,2.161,2.056,3.012
2021-05-19,63.36,2.102,2.007,2.964
2021-05-20,62.05,2.047,1.964,2.925
2021-05-21,63.58,2.069,1.988,2.906
2021-05-24,66.05,2.118,2.042,2.886
2021-05-25,66.07,2.117,2.035,2.913
2021-05-26,66.21,2.15,2.045,2.984
2021-05-27,66.85,2.152,2.056,2.958
2021-05-28,66.32,2.14,2.045,2.986
2021-06-01,67.72,2.17,2.072,3.104
2021-06-02,68.83,2.194,2.107,3.075
2021-06-03,68.81,2.202,2.102,3.041
2021-06-04,69.62,2.212,2.12,3.097
2021-06-07,69.23,2.193,2.116,3.07
2021-06-08,70.05,2.219,2.135,3.128
2021-06-09,69.96,2.203,2.13,3.129
2021-06-10,70.29,2.212,2.143,3.149
2021-06-11,70.91,2.186,2.121,3.296
2021-06-14,70.88,2.171,2.112,3.352
2021-06-15,72.12,2.171,2.112,3.24
2021-06-16,72.15,2.156,2.103,3.251
2021-06-17,71.04,2.134,2.067,3.253
2021-06-18,71.64,2.168,2.093,3.215
2021-06-21,73.66,2.197,2.127,3.191
2021-06-22,73.06,2.224,2.151,3.258
2021-06-23,73.08,2.267,2.159,3.333
2021-06-24,73.3,2.281,2.162,3.418
2021-06-25,74.05,2.264,2.149,3.496
2021-06-28,72.91,2.217,2.118,3.617
2021-06-29,72.98,2.239,2.122,3.63
2021-06-30,73.47,2.244,2.129,3.65
2021-07-01,75.23,2.268,2.156,3.661
2021-07-02,75.16,2.3,2.179,3.7
2021-07-06,73.37,2.228,2.105,3.637
2021-07-07,72.2,2.206,2.089,3.596
2021-07-08,72.94,2.255,2.12,3.688
2021-07-09,74.56,2.292,2.155,3.674
2021-07-12,74.1,2.277,2.15,3.749
2021-07-13,75.25,2.318,2.184,3.696
2021-07-14,73.13,2.294,2.144,3.66
2021-07-15,71.65,2.25,2.113,3.614
2021-07-16,71.81,2.254,2.113,3.674
2021-07-19,66.42,2.11,1.985,3.779
2021-07-20,67.42,2.132,2.013,3.876
2021-07-21,70.3,2.217,2.087,3.959
2021-07-22,71.91,2.273,2.133,4.003
2021-07-23,72.07,2.291,2.134,4.06
2021-07-26,71.91,2.308,2.151,4.102
2021-07-27,71.65,2.314,2.144,3.971
2021-07-28,72.39,2.308,2.156,4.044
2021-07-29,73.62,2.351,2.189,4.059
2021-07-30,73.95,2.366,2.199,3.914
2021-08-02,71.26,2.275,2.136,3.935
2021-08-03,70.56,2.271,2.126,4.027
2021-08-04,68.15,2.25,2.074,4.158
2021-08-05,69.09,2.294,2.106,4.14
2021-08-06,68.28,2.257,2.085,4.14
2021-08-09,66.48,2.235,2.042,4.06
2021-08-10,68.29,2.268,2.08,4.089
2021-08-11,69.25,2.302,2.106,4.059
2021-08-12,69.09,2.275,2.104,3.933
2021-08-13,68.44,2.263,2.078,3.861
2021-08-16,67.29,2.201,2.048,3.946
2021-08-17,66.59,2.166,2.036,3.837
2021-08-18,65.46,2.148,2.021,3.852
2021-08-19,63.69,2.082,1.969,3.83
2021-08-20,62.32,2.024,1.908,3.851
2021-08-23,65.64,2.123,2.005,3.945
2021-08-24,67.54,2.181,2.067,3.896
2021-08-25,68.36,2.301,2.118,3.897
2021-08-26,67.42,2.255,2.083,4.184
2021-08-27,68.74,2.274,2.109,4.37
2021-08-30,69.21,2.313,2.14,4.305
2021-08-31,68.5,2.283,2.131,4.377
2021-09-01,68.59,2.111,2.129,4.615
2021-09-02,69.99,2.164,2.168,4.641
2021-09-03,69.29,2.154,2.159,4.712
2021-09-07,68.35,2.13,2.122,4.568
2021-09-08,69.3,2.132,2.136,4.914
2021-09-09,68.14,2.1,2.114,5.031
2021-09-10,69.72,2.154,2.146,4.938
2021-09-13,70.45,2.161,2.158,5.231
2021-09-14,70.46,2.172,2.161,5.26
2021-09-15,72.61,2.207,2.205,5.46
2021-09-16,72.61,2.181,2.211,5.335
2021-09-17,71.97,2.171,2.209,5.105
2021-09-20,70.29,2.115,2.159,4.985
2021-09-21,70.56,2.105,2.174,4.805
2021-09-22,72.23,2.124,2.212,4.805
2021-09-23,73.3,2.172,2.249,4.976
2021-09-24,73.98,2.188,2.267,5.14
2021-09-27,75.45,2.224,2.296,5.706
2021-09-28,75.29,2.202,2.289,5.841
2021-09-29,74.83,2.229,2.308,5.477
2021-09-30,75.03,2.254,2.342,5.867
2021-10-01,75.88,2.25,2.383,5.619
2021-10-04,77.62,2.309,2.437,5.766
2021-10-05,78.93,2.358,2.494,6.312
2021-10-06,77.43,2.308,2.442,5.675
2021-10-07,78.3,2.334,2.46,5.677
2021-10-08,79.35,2.366,2.474,5.565
2021-10-12,80.64,2.383,2.51,5.505
2021-10-13,80.44,2.406,2.521,5.59
2021-10-14,81.31,2.435,2.561,5.687
2021-10-15,82.28,2.486,2.574,5.41
2021-10-18,82.44,2.487,2.549,4.989
2021-10-19,82.96,2.476,2.561,5.088
2021-10-20,83.87,2.508,2.592,5.17
2021-10-21,82.5,2.48,2.549,5.115
2021-10-22,83.76,2.482,2.539,5.28
2021-10-25,83.76,2.516,2.565,5.898
2021-10-26,84.65,2.517,2.577,5.882
2021-10-27,82.66,2.45,2.515,6.202
2021-10-28,82.81,2.435,2.517,5.782
2021-10-29,83.57,2.462,2.496,5.426
2021-11-01,84.05,2.409,2.503,5.186
2021-11-02,83.91,2.45,2.508,5.542
2021-11-03,80.86,2.339,2.435,5.67
2021-11-04,78.81,2.293,2.407,5.716
2021-11-05,81.27,2.321,2.456,5.516
2021-11-08,81.93,2.322,2.467,5.427
2021-11-09,84.15,2.375,2.508,4.979
2021-11-10,81.34,2.297,2.452,4.88
2021-11-11,81.59,2.318,2.447,5.149
2021-11-12,80.79,2.311,2.404,4.791
2021-11-15,80.88,2.329,2.398,5.017
2021-11-16,80.76,2.35,2.431,5.177
2021-11-17,78.36,2.28,2.364,4.816
2021-11-18,79.01,2.294,2.384,4.902
2021-11-19,76.1,2.212,2.293,5.065
2021-11-22,76.75,2.26,2.325,4.789
2021-11-23,78.5,2.337,2.384,4.967
2021-11-24,78.39,2.32,2.383,5.068
2021-11-29,69.95,2.077,2.152,4.854
2021-11-30,66.18,1.98,2.064,4.567
2021-12-01,65.57,1.951,2.077,4.258
2021-12-02,66.5,1.968,2.103,4.056
2021-12-03,66.26,1.953,2.098,4.132
2021-12-06,69.49,2.043,2.171,3.657
2021-12-07,72.05,2.1,2.225,3.708
2021-12-08,72.36,2.149,2.261,3.815
2021-12-09,70.94,2.128,2.25,3.814
2021-12-10,71.67,2.137,2.252,3.925
2021-12-13,71.29,2.117,2.233,3.794
2021-12-14,70.73,2.111,2.218,3.747
2021-12-15,70.87,2.128,2.22,3.802
2021-12-16,72.38,2.178,2.266,3.766
2021-12-17,70.86,2.122,2.22,3.69
2021-12-20,68.23,2.09,2.173,3.834
2021-12-21,71.12,2.152,2.258,3.869
2021-12-22,72.76,2.168,2.308,3.976
2021-12-23,73.79,2.206,2.331,3.731
2021-12-27,75.57,2.234,2.354,4.06
2021-12-28,75.98,2.247,2.371,4.055
2021-12-29,76.56,2.272,2.378,4.024
2021-12-30,76.99,2.297,2.396,3.561
2021-12-31,75.21,2.229,2.33,3.73
2022-01-03,76.08,2.257,2.357,3.815
2022-01-04,76.99,2.276,2.41,3.717
2022-01-05,77.85,2.292,2.446,3.882
2022-01-06,79.46,2.304,2.478,3.812
2022-01-07,78.9,2.299,2.482,3.916
2022-01-10,78.23,2.275,2.488,4.079
2022-01-11,81.22,2.357,2.564,4.249
2022-01-12,82.64,2.391,2.594,4.857
2022-01-13,82.12,2.384,2.609,4.27
2022-01-14,83.82,2.419,2.634,4.262
2022-01-18,85.43,2.432,2.674,4.283
2022-01-19,86.96,2.457,2.692,4.031
2022-01-20,86.9,2.462,2.672,3.802
2022-01-21,85.14,2.442,2.691,3.999
2022-01-24,83.31,2.398,2.627,4.027
2022-01-25,85.6,2.46,2.669,4.053
2022-01-26,87.35,2.523,2.744,4.277
2022-01-27,86.61,2.521,2.795,6.265
2022-01-28,86.82,2.542,2.786,4.639
2022-01-31,88.15,2.554,2.759,4.874
2022-02-01,88.2,2.575,2.741,4.751
2022-02-02,88.26,2.607,2.769,5.501
2022-02-03,90.27,2.643,2.84,4.888
2022-02-04,92.31,2.679,2.875,4.572
2022-02-07,91.32,2.685,2.855,4.232
2022-02-08,89.36,2.625,2.793,4.248
2022-02-09,89.66,2.653,2.825,4.009
2022-02-10,89.88,2.665,2.827,3.959
2022-02-11,93.1,2.739,2.911,3.941
2022-02-14,95.46,2.779,2.962,4.195
2022-02-15,92.07,2.669,2.86,4.306
2022-02-16,93.66,2.677,2.858,4.717
2022-02-17,91.76,2.649,2.786,4.486
2022-02-18,91.07,2.67,2.782,4.431
2022-02-22,92.35,2.711,2.819,4.498
2022-02-23,92.1,2.725,2.829,4.623
2022-02-24,92.81,2.771,2.897,4.568
2022-02-25,91.59,2.727,2.85,4.47
2022-02-28,95.72,2.797,3.013,4.402
2022-03-01,103.41,3.089,3.151,4.573
2022-03-02,110.6,3.308,3.495,4.762
2022-03-03,107.67,3.284,3.503,4.722
2022-03-04,115.68,3.544,3.776,5.016
2022-03-07,119.4,3.572,3.922,4.833
2022-03-08,123.7,3.683,4.437,4.527
2022-03-09,108.7,3.294,3.464,4.526
2022-03-10,106.02,3.157,3.296,4.631
2022-03-11,109.33,3.312,3.418,4.725
2022-03-14,103.01,3.169,3.276,4.658
2022-03-15,96.44,2.998,3.03,4.568
2022-03-16,95.04,2.988,3.1,4.748
2022-03-17,102.98,3.217,3.487,4.99
2022-03-18,104.7,3.239,3.598,4.863
2022-03-21,112.12,3.372,3.801,4.9
2022-03-22,111.76,3.331,3.864,5.187
2022-03-23,114.93,3.439,4.115,5.232
2022-03-24,112.34,3.39,4.153,5.401
2022-03-25,113.9,3.47,4.115,5.571
2022-03-28,105.96,3.219,3.783,5.508
2022-03-29,104.24,3.203,3.716,5.336
2022-03-30,107.82,3.325,3.809,5.605
2022-03-31,100.28,3.19,3.691,5.642
2022-04-01,99.27,3.154,3.424,5.72
2022-04-04,103.28,3.198,3.546,5.712
2022-04-05,101.96,3.165,3.468,6.032
2022-04-06,96.23,3.046,3.345,6.029
2022-04-07,96.03,3.04,3.268,6.359
2022-04-08,98.26,3.132,3.318,6.278
2022-04-11,94.29,3.003,3.268,6.643
2022-04-12,100.6,3.154,3.464,6.68
2022-04-13,104.25,3.291,3.718,6.997
2022-04-14,106.95,3.381,3.855,7.3
2022-04-18,108.21,3.378,3.891,7.82
2022-04-19,102.56,3.247,3.862,7.176
2022-04-20,102.75,3.285,3.973,6.937
2022-04-21,103.79,3.339,3.901,6.957
2022-04-22,102.07,3.305,3.939,6.534
2022-04-25,98.54,3.24,4.091,6.669
2022-04-26,101.7,3.339,4.468,6.85
2022-04-27,102.02,3.456,4.674,7.267
2022-04-28,105.36,3.503,5.135,6.888
2022-04-29,104.69,3.472,4.782,7.244
2022-05-02,105.17,3.51,4.205,7.475
2022-05-03,102.41,3.501,4.083,7.954
2022-05-04,107.81,3.652,4.197,8.415
2022-05-05,108.26,3.659,4.041,8.783
2022-05-06,109.77,3.759,3.954,8.043
2022-05-09,103.09,3.642,3.835,7.026
2022-05-10,99.76,3.542,3.932,7.385
2022-05-11,105.71,3.686,3.951,7.64
2022-05-12,106.13,3.792,3.916,7.739
2022-05-13,110.49,3.958,3.921,7.663
2022-05-16,114.2,4.023,3.908,7.956
2022-05-17,112.4,3.942,3.799,8.304
2022-05-18,109.59,3.721,3.668,8.368
2022-05-19,112.21,3.832,3.792,8.308
2022-05-20,113.23,3.837,3.739,8.083
2022-05-23,110.29,3.798,3.769,8.744
2022-05-24,109.77,3.811,3.782,8.796
2022-05-25,110.33,3.832,3.866,8.971
2022-05-26,114.09,3.877,3.968,8.908
2022-05-27,115.07,4.016,4.003,8.727
2022-05-31,114.67,4.08,4.091,8.145
2022-06-01,115.26,4.072,4.143,8.696
2022-06-02,116.87,4.191,4.208,8.485
2022-06-03,118.87,4.252,4.28,8.523
2022-06-06,118.5,4.193,4.36,9.322
2022-06-07,119.41,4.158,4.321,9.293
2022-06-08,122.11,4.222,4.314,8.699
2022-06-09,121.51,4.276,4.404,8.963
2022-06-10,120.67,4.172,4.367,8.85
2022-06-13,120.93,4.035,4.283,8.609
2022-06-14,118.93,3.994,4.394,7.189
2022-06-15,115.31,3.894,4.547,7.42
2022-06-16,117.59,3.956,4.571,7.464
2022-06-17,109.56,3.793,4.34,6.944
2022-06-21,110.65,3.795,4.358,6.808
2022-06-22,106.19,3.834,4.405,6.858
2022-06-23,104.27,3.766,4.338,6.239
2022-06-24,107.62,3.885,4.363,6.22
2022-06-27,109.57,3.837,4.23,6.501
2022-06-28,111.76,3.935,4.199,6.551
2022-06-29,109.78,3.827,4.037,6.498
2022-06-30,105.76,3.65,3.898,5.424
2022-07-01,108.43,3.688,3.939,5.73
2022-07-05,99.5,3.329,3.602,5.523
2022-07-06,98.53,3.237,3.411,5.51
2022-07-07,102.73,3.42,3.674,6.297
2022-07-08,104.79,3.447,3.673,6.034
2022-07-11,104.09,3.462,3.768,6.426
2022-07-12,95.84,3.265,3.663,6.163
2022-07-13,96.3,3.234,3.666,6.689
2022-07-14,95.78,3.187,3.649,6.6
2022-07-15,97.59,3.213,3.699,7.016
2022-07-18,102.6,3.264,3.656,7.479
2022-07-19,104.22,3.308,3.627,7.264
2022-07-20,102.26,3.275,3.604,8.007
2022-07-21,96.35,3.15,3.59,7.932
2022-07-22,94.7,3.223,3.456,8.299
2022-07-25,96.7,3.382,3.517,8.727
2022-07-26,94.98,3.355,3.584,8.993
2022-07-27,97.26,3.429,3.717,8.687
2022-07-28,96.42,3.465,3.686,8.134
2022-07-29,98.62,3.488,3.625,8.229
2022-08-01,93.89,2.998,3.44,8.283
2022-08-02,94.42,3.057,3.38,7.706
2022-08-03,90.66,2.912,3.415,8.266
2022-08-04,88.54,2.794,3.337,8.122
2022-08-05,89.01,2.856,3.216,8.064
2022-08-08,90.76,2.886,3.179,7.589
2022-08-09,90.5,2.96,3.334,7.833
2022-08-10,91.93,3.07,3.41,8.202
2022-08-11,94.34,3.072,3.484,8.874
2022-08-12,92.09,3.046,3.518,8.768
2022-08-15,89.41,2.952,3.44,8.728
2022-08-16,86.53,2.901,3.48,9.329
2022-08-17,88.11,2.935,3.617,9.244
2022-08-18,90.5,3.026,3.65,9.188
2022-08-19,90.77,3.018,3.701,9.336
2022-08-22,90.23,2.891,3.776,9.68
2022-08-23,93.74,2.933,3.842,9.193
2022-08-24,94.89,2.801,4.013,9.33
2022-08-25,92.52,2.812,3.949,9.375
2022-08-26,93.06,2.851,4.008,9.296
2022-08-29,97.01,2.878,3.91,9.353
2022-08-30,91.64,2.694,3.817,9.042
2022-08-31,89.55,2.606,3.715,9.127
2022-09-01,86.61,2.385,3.561,9.262
2022-09-02,86.87,2.464,3.578,8.786
2022-09-06,86.88,2.416,3.574,8.145
2022-09-07,81.94,2.308,3.586,7.842
2022-09-08,83.54,2.346,3.54,7.915
2022-09-09,86.79,2.433,3.579,7.996
2022-09-12,87.78,2.445,3.603,8.249
2022-09-13,87.31,2.48,3.541,8.284
2022-09-14,88.48,2.525,3.379,9.114
2022-09-15,85.1,2.429,3.205,8.324
2022-09-16,85.11,2.416,3.173,7.764
2022-09-19,85.73,2.464,3.311,7.752
2022-09-20,84.45,2.448,3.372,7.717
2022-09-21,82.94,2.487,3.334,7.779
2022-09-22,83.49,2.516,3.412,7.089
2022-09-23,78.74,2.383,3.237,6.828
2022-09-26,76.71,2.384,3.129,6.903
2022-09-27,78.5,2.493,3.26,6.651
2022-09-28,82.15,2.578,3.449,6.868
2022-09-29,81.23,2.508,3.415,6.874
2022-09-30,79.49,2.473,3.369,6.766
2022-10-03,83.63,2.513,3.369,6.47
2022-10-04,86.52,2.683,3.536,6.837
2022-10-05,87.76,2.669,3.687,6.93
2022-10-06,88.45,2.681,3.865,6.972
2022-10-07,92.64,2.735,4.019,6.748
2022-10-10,91.13,2.623,3.915,6.435
2022-10-11,89.35,2.627,3.931,6.596
2022-10-12,87.27,2.63,3.933,6.435
2022-10-13,89.11,2.703,4.095,6.741
2022-10-14,85.61,2.631,3.98,6.453
2022-10-17,85.46,2.593,4.085,5.999
2022-10-18,82.82,2.551,3.994,5.745
2022-10-19,85.55,2.652,3.904,5.462
2022-10-20,85.98,2.648,3.757,5.358
2022-10-21,85.05,2.662,3.832,4.959
2022-10-24,84.58,2.73,3.92,5.199
2022-10-25,85.32,2.916,3.967,5.613
2022-10-26,87.91,2.899,4.12,5.606
2022-10-27,89.08,3.012,4.334,5.186
2022-10-28,87.9,2.907,4.55,5.684
2022-10-31,86.53,2.811,4.191,6.355
2022-11-01,88.37,2.595,3.621,5.714
2022-11-02,90.0,2.697,3.677,6.268
2022-11-03,88.17,2.694,3.865,5.975
2022-11-04,92.61,2.735,3.915,6.4
2022-11-07,91.79,2.653,3.781,6.944
2022-11-08,88.91,2.637,3.771,6.138
2022-11-09,85.83,2.545,3.656,5.865
2022-11-10,86.47,2.566,3.569,6.239
2022-11-11,88.96,2.61,3.555,5.879
2022-11-14,85.87,2.529,3.544,5.933
2022-11-15,86.92,2.516,3.641,6.034
2022-11-16,85.59,2.508,3.614,6.2
2022-11-17,81.64,2.455,3.525,6.369
2022-11-18,80.08,2.421,3.518,6.303
2022-11-21,79.73,2.437,3.497,6.776
2022-11-22,80.95,2.541,3.471,6.779
2022-11-23,77.94,2.474,3.359,7.308
2022-11-25,76.28,2.328,3.239,7.024
2022-11-28,77.24,2.331,3.215,6.712
2022-11-29,78.2,2.332,3.296,7.235
2022-11-30,80.55,2.419,3.363,6.93
2022-12-01,81.22,2.342,3.262,6.738
2022-12-02,79.98,2.28,3.169,6.281
2022-12-05,76.93,2.202,3.0,5.577
2022-12-06,74.25,2.149,2.916,5.469
2022-12-07,72.01,2.077,2.781,5.723
2022-12-08,71.46,2.049,2.88,5.962
2022-12-09,71.02,2.056,2.794,6.245
2022-12-12,73.17,2.081,2.969,6.587
2022-12-13,75.39,2.161,3.092,6.935
2022-12-14,77.28,2.244,3.277,6.43
2022-12-15,76.11,2.167,3.283,6.97
2022-12-16,74.29,2.132,3.12,6.6
2022-12-19,75.19,2.178,3.054,5.851
2022-12-20,76.09,2.223,3.059,5.326
2022-12-21,78.29,2.256,3.14,5.332
2022-12-22,77.49,2.249,3.131,4.999
2022-12-23,79.56,2.384,3.266,5.079
2022-12-27,79.53,2.36,3.354,5.282
2022-12-28,78.96,2.363,3.378,4.709
2022-12-29,78.4,2.371,3.313,4.559
2022-12-30,80.26,2.46,3.362,4.475
2023-01-03,76.93,2.361,3.087,3.988
2023-01-04,72.84,2.259,2.972,4.172
2023-01-05,73.67,2.267,2.972,3.72
2023-01-06,73.77,2.245,3.005,3.71
2023-01-09,74.63,2.293,3.036,3.91
2023-01-10,75.12,2.328,3.136,3.639
2023-01-11,77.41,2.435,3.218,3.671
2023-01-12,78.39,2.475,3.219,3.695
2023-01-13,79.86,2.533,3.256,3.419
2023-01-17,80.18,2.545,3.251,3.586
2023-01-18,79.48,2.524,3.263,3.311
2023-01-19,80.33,2.597,3.376,3.275
2023-01-20,81.31,2.645,3.467,3.174
2023-01-23,81.62,2.697,3.551,3.447
2023-01-24,80.13,2.649,3.427,3.258
2023-01-25,80.15,2.593,3.361,3.067
2023-01-26,81.01,2.612,3.397,2.944
2023-01-27,79.68,2.589,3.266,3.109
2023-01-30,77.9,2.499,3.111,2.677
2023-01-31,78.87,2.544,3.182,2.684
2023-02-01,76.41,2.454,2.951,2.468
2023-02-02,75.88,2.452,2.897,2.456
2023-02-03,73.39,2.321,2.775,2.41
2023-02-06,74.11,2.373,2.769,2.457
2023-02-07,77.14,2.457,2.904,2.584
2023-02-08,78.47,2.463,2.893,2.396
2023-02-09,78.06,2.448,2.815,2.43
2023-02-10,79.72,2.504,2.865,2.514
2023-02-13,80.14,2.531,2.906,2.405
2023-02-14,79.06,2.489,2.94,2.567
2023-02-15,78.59,2.498,2.844,2.471
2023-02-16,78.49,2.436,2.811,2.389
2023-02-17,76.34,2.408,2.712,2.275
2023-02-21,76.16,2.416,2.792,2.073
2023-02-22,73.95,2.338,2.715,2.174
2023-02-23,75.39,2.38,2.708,2.314
2023-02-24,76.32,2.359,2.796,2.451
2023-02-27,75.68,2.368,2.82,2.731
2023-02-28,77.05,2.434,2.821,2.747
2023-03-01,77.69,2.675,2.874,2.811
2023-03-02,78.16,2.7,2.866,2.765
2023-03-03,79.68,2.75,2.913,3.009
2023-03-06,80.46,2.797,2.887,2.572
2023-03-07,77.58,2.701,2.798,2.687
2023-03-08,76.66,2.689,2.742,2.551
2023-03-09,75.72,2.605,2.669,2.543
2023-03-10,76.68,2.646,2.773,2.43
2023-03-13,74.8,2.591,2.762,2.606
2023-03-14,71.33,2.553,2.714,2.573
2023-03-15,67.61,2.438,2.605,2.439
2023-03-16,68.35,2.504,2.644,2.514
2023-03-17,66.74,2.502,2.679,2.338
2023-03-20,67.64,2.536,2.687,2.223
2023-03-21,69.33,2.539,2.69,2.348
2023-03-22,70.9,2.593,2.74,2.171
2023-03-23,69.96,2.606,2.685,2.154
2023-03-24,69.26,2.589,2.695,2.216
2023-03-27,72.81,2.684,2.77,2.088
2023-03-28,73.2,2.712,2.77,2.03
2023-03-29,72.97,2.668,2.658,1.991
2023-03-30,74.37,2.661,2.624,2.104
2023-03-31,75.67,2.701,2.676,2.216
2023-04-03,80.42,2.758,2.663,2.097
2023-04-04,80.71,2.737,2.667,2.106
2023-04-05,80.61,2.82,2.731,2.155
2023-04-06,80.7,2.813,2.661,2.011
2023-04-10,79.74,2.808,2.681,2.172
2023-04-11,81.53,2.865,2.668,2.186
2023-04-12,83.26,2.873,2.703,2.093
2023-04-13,82.16,2.832,2.673,2.007
2023-04-14,82.52,2.836,2.639,2.114
2023-04-17,80.83,2.774,2.615,2.275
2023-04-18,80.86,2.751,2.6,2.366
2023-04-19,79.16,2.646,2.558,2.222
2023-04-20,77.29,2.586,2.495,2.249
2023-04-21,77.87,2.602,2.489,2.233
2023-04-24,78.76,2.632,2.531,2.273
2023-04-25,77.07,2.589,2.451,2.307
2023-04-26,74.3,2.549,2.373,2.117
2023-04-27,74.76,2.533,2.354,2.355
2023-04-28,76.78,2.578,2.379,2.41
2023-05-01,75.66,2.55,2.382,2.318
2023-05-02,71.66,2.436,2.289,2.214
2023-05-03,68.6,2.322,2.232,2.17
2023-05-04,68.56,2.326,2.239,2.101
2023-05-05,71.34,2.379,2.315,2.137
2023-05-08,73.16,2.462,2.378,2.238
2023-05-09,73.71,2.48,2.39,2.267
2023-05-10,72.56,2.495,2.393,2.191
2023-05-11,70.87,2.458,2.35,2.19
2023-05-12,70.04,2.43,2.306,2.266
2023-05-15,71.11,2.472,2.378,2.375
2023-05-16,70.86,2.479,2.364,2.376
2023-05-17,72.83,2.569,2.423,2.365
2023-05-18,71.86,2.568,2.403,2.592
2023-05-19,71.55,2.576,2.362,2.585
2023-05-22,71.99,2.649,2.366,2.4
2023-05-23,72.91,2.662,2.362,2.321
2023-05-24,74.34,2.721,2.414,2.398
2023-05-25,71.83,2.674,2.346,2.307
2023-05-26,72.67,2.703,2.369,2.181
2023-05-30,69.46,2.596,2.281,2.327
2023-05-31,68.09,2.56,2.26,2.266
2023-06-01,70.1,2.436,2.315,2.158
2023-06-02,71.74,2.501,2.357,2.172
2023-06-05,72.15,2.524,2.378,2.245
2023-06-06,71.74,2.564,2.368,2.262
2023-06-07,72.53,2.641,2.402,2.329
2023-06-08,71.29,2.613,2.39,2.352
2023-06-09,70.17,2.593,2.361,2.254
2023-06-12,67.12,2.483,2.309,2.266
2023-06-13,69.42,2.558,2.396,2.34
2023-06-14,68.27,2.555,2.358,2.342
2023-06-15,70.62,2.642,2.48,2.533
2023-06-16,71.78,2.681,2.551,2.632
2023-06-20,70.5,2.609,2.475,2.492
2023-06-21,72.53,2.624,2.564,2.597
2023-06-22,69.51,2.55,2.466,2.608
2023-06-23,69.16,2.517,2.407,2.729
2023-06-26,69.37,2.538,2.439,2.791
2023-06-27,67.7,2.517,2.399,2.763
2023-06-28,69.56,2.603,2.407,2.603
2023-06-29,69.86,2.618,2.416,2.701
2023-06-30,70.64,2.634,2.448,2.798
2023-07-03,69.79,2.462,2.377,2.709
2023-07-05,71.79,2.518,2.493,2.657
2023-07-06,71.8,2.544,2.479,2.609
2023-07-07,73.86,2.589,2.559,2.582
2023-07-10,72.99,2.57,2.553,2.669
2023-07-11,74.83,2.623,2.584,2.731
2023-07-12,75.75,2.667,2.6,2.632
2023-07-13,76.89,2.679,2.61,2.545
2023-07-14,75.42,2.644,2.598,2.539
2023-07-17,74.15,2.632,2.564,2.512
2023-07-18,75.75,2.694,2.599,2.629
2023-07-19,75.35,2.721,2.642,2.603
2023-07-20,75.63,2.743,2.664,2.757
2023-07-21,77.07,2.802,2.746,2.713
2023-07-24,78.74,2.895,2.771,2.685
2023-07-25,79.63,2.853,2.778,2.73
2023-07-26,78.78,2.907,2.843,2.665
2023-07-27,80.09,2.951,2.917,2.492
2023-07-28,80.58,2.956,2.959,2.638
2023-07-31,81.8,2.929,2.991,2.634
2023-08-01,81.37,2.873,3.023,2.56
2023-08-02,79.49,2.776,3.004,2.477
2023-08-03,81.55,2.765,3.075,2.565
2023-08-04,82.82,2.783,3.062,2.577
2023-08-07,81.94,2.804,3.016,2.725
2023-08-08,82.92,2.845,3.086,2.777
2023-08-09,84.4,2.928,3.207,2.959
2023-08-10,82.82,2.905,3.153,2.763
2023-08-11,83.19,2.965,3.122,2.77
2023-08-14,82.51,2.906,3.088,2.795
2023-08-15,80.99,2.848,3.028,2.659
2023-08-16,79.38,2.867,3.021,2.592
2023-08-17,80.39,2.822,3.094,2.621
2023-08-18,81.25,2.823,3.16,2.551
2023-08-21,80.72,2.773,3.116,2.632
2023-08-22,80.35,2.789,3.139,2.56
2023-08-23,78.89,2.769,3.129,2.497
2023-08-24,79.05,2.78,3.156,2.519
2023-08-25,79.83,2.876,3.308,2.54
2023-08-28,80.1,2.796,3.204,2.579
2023-08-29,81.16,2.791,3.21,2.556
2023-08-30,81.63,2.809,3.096,2.796
2023-08-31,83.63,2.766,3.143,2.768
2023-09-01,85.55,2.591,3.105,2.765
2023-09-05,86.69,2.581,3.22,2.582
2023-09-06,87.54,2.601,3.193,2.51
2023-09-07,86.87,2.623,3.212,2.579
2023-09-08,87.51,2.654,3.299,2.605
2023-09-11,87.29,2.719,3.362,2.608
2023-09-12,88.84,2.728,3.328,2.743
2023-09-13,88.52,2.738,3.435,2.68
2023-09-14,90.16,2.743,3.482,2.708
2023-09-15,90.77,2.708,3.383,2.644
2023-09-18,91.48,2.698,3.288,2.728
2023-09-19,91.2,2.658,3.374,2.848
2023-09-20,90.28,2.619,3.327,2.733
2023-09-21,89.63,2.62,3.368,2.61
2023-09-22,90.03,2.562,3.306,2.637
2023-09-25,89.68,2.544,3.262,2.639
2023-09-26,90.39,2.562,3.224,2.656
2023-09-27,93.68,2.599,3.315,2.764
2023-09-28,91.71,2.505,3.318,2.945
2023-09-29,90.79,2.44,3.362,2.929
2023-10-02,88.82,2.412,3.223,2.84
2023-10-03,89.23,2.36,3.195,2.949
2023-10-04,84.22,2.198,3.018,2.962
2023-10-05,82.31,2.189,2.869,3.166
2023-10-06,82.79,2.192,2.901,3.338
2023-10-09,86.38,2.238,2.967,3.376
2023-10-10,85.97,2.258,3.02,3.382
2023-10-11,83.49,2.21,2.999,3.377
2023-10-12,82.91,2.165,3.045,3.344
2023-10-13,87.69,2.265,3.212,3.236
2023-10-16,86.66,2.273,3.149,3.109
2023-10-17,86.66,2.285,3.177,3.079
2023-10-18,88.32,2.354,3.139,3.056
2023-10-19,89.37,2.362,3.173,2.957
2023-10-20,88.75,2.374,3.157,2.899
2023-10-23,85.49,2.329,3.096,2.926
2023-10-24,83.74,2.268,3.045,2.971
2023-10-25,85.39,2.284,3.031,3.01
2023-10-26,83.21,2.256,3.044,3.214
2023-10-27,85.54,2.313,3.052,3.164
2023-10-30,82.31,2.22,2.966,3.352
2023-10-31,81.02,2.223,2.991,3.575
2023-11-01,80.44,2.186,2.962,3.494
2023-11-02,82.46,2.246,3.026,3.472
2023-11-03,80.51,2.201,2.924,3.515
2023-11-06,80.82,2.236,2.952,3.264
2023-11-07,77.37,2.168,2.838,3.14
2023-11-08,75.33,2.129,2.749,3.106
2023-11-09,75.74,2.161,2.719,3.041
2023-11-10,77.17,2.19,2.743,3.033
2023-11-13,78.26,2.236,2.839,3.197
2023-11-14,78.26,2.223,2.837,3.106
2023-11-15,76.66,2.202,2.869,3.19
2023-11-16,72.9,2.101,2.75,3.062
2023-11-17,75.89,2.185,2.773,2.96
2023-11-20,77.6,2.226,2.85,2.882
2023-11-21,77.77,2.234,2.925,2.846
2023-11-22,77.1,2.232,2.889,2.897
2023-11-24,75.54,2.165,2.836,2.855
2023-11-27,74.86,2.18,2.838,2.794
2023-11-28,76.41,2.23,2.907,2.706
2023-11-29,77.86,2.284,2.889,2.804
2023-11-30,75.96,2.2,2.831,2.802
2023-12-01,74.07,2.121,2.662,2.814
2023-12-04,73.04,2.134,2.66,2.694
2023-12-05,72.32,2.11,2.641,2.71
2023-12-06,69.38,2.03,2.576,2.569
2023-12-07,69.34,2.001,2.549,2.585
2023-12-08,71.23,2.05,2.581,2.581
2023-12-11,71.32,2.043,2.609,2.431
2023-12-12,68.61,1.98,2.507,2.311
2023-12-13,69.47,2.025,2.548,2.335
2023-12-14,71.58,2.119,2.591,2.392
2023-12-15,71.43,2.137,2.621,2.491
2023-12-18,72.47,2.159,2.673,2.503
2023-12-19,73.44,2.201,2.717,2.492
2023-12-20,74.22,2.201,2.709,2.447
2023-12-21,73.89,2.159,2.697,2.572
2023-12-22,73.56,2.13,2.661,2.61
2023-12-26,75.57,2.158,2.669,2.55
2023-12-27,74.11,2.155,2.624,2.619
2023-12-28,71.77,2.085,2.556,2.557
2023-12-29,71.65,2.103,2.553,2.514
2024-01-02,70.38,2.095,2.526,2.568
2024-01-03,72.7,2.158,2.604,2.668
2024-01-04,72.19,2.11,2.588,2.821
2024-01-05,73.81,2.106,2.609,2.893
2024-01-08,70.77,2.028,2.577,2.98
2024-01-09,72.24,2.077,2.65,3.19
2024-01-10,71.37,2.067,2.601,3.039
2024-01-11,72.02,2.114,2.674,3.097
2024-01-12,72.68,2.12,2.669,3.313
2024-01-16,72.4,2.122,2.661,2.9
2024-01-17,72.56,2.135,2.654,2.87
2024-01-18,74.08,2.184,2.694,2.697
2024-01-19,73.41,2.163,2.662,2.519
2024-01-22,75.19,2.238,2.694,2.419
2024-01-23,74.37,2.21,2.691,2.45
2024-01-24,75.09,2.21,2.682,2.641
2024-01-25,77.36,2.264,2.795,2.571
2024-01-26,78.01,2.294,2.843,2.712
2024-01-29,76.78,2.229,2.834,2.49
2024-01-30,77.82,2.261,2.807,2.077
2024-01-31,75.85,2.183,2.808,2.1
2024-02-01,73.82,2.195,2.713,2.05
2024-02-02,72.28,2.148,2.66,2.079
2024-02-05,72.78,2.209,2.725,2.082
2024-02-06,73.31,2.217,2.743,2.009
2024-02-07,73.86,2.263,2.815,1.967
2024-02-08,76.22,2.342,2.891,1.917
2024-02-09,76.84,2.34,2.964,1.847
2024-02-12,76.92,2.367,2.92,1.768
2024-02-13,77.87,2.395,2.896,1.689
2024-02-14,76.64,2.317,2.81,1.609
2024-02-15,78.03,2.318,2.824,1.581
2024-02-16,79.19,2.336,2.807,1.609
2024-02-20,78.18,2.277,2.732,1.576
2024-02-21,77.91,2.286,2.705,1.773
2024-02-22,78.61,2.335,2.752,1.732
2024-02-23,76.49,2.277,2.69,1.603
2024-02-26,77.58,2.306,2.763,1.659
2024-02-27,78.87,2.344,2.746,1.615
2024-02-28,78.54,2.271,2.658,1.885
2024-02-29,78.26,2.304,2.684,1.86
2024-03-01,79.97,2.614,2.704,1.835
2024-03-04,78.74,2.586,2.647,1.916
2024-03-05,78.15,2.533,2.607,1.957
2024-03-06,79.13,2.554,2.663,1.929
2024-03-07,78.93,2.555,2.695,1.818
2024-03-08,78.01,2.527,2.641,1.805
2024-03-11,77.93,2.581,2.652,1.759
2024-03-12,77.56,2.586,2.617,1.714
2024-03-13,79.72,2.662,2.685,1.658
2024-03-14,81.26,2.703,2.709,1.741
2024-03-15,81.04,2.721,2.727,1.655
2024-03-18,82.72,2.757,2.788,1.703
2024-03-19,83.47,2.762,2.761,1.744
2024-03-20,81.68,2.733,2.696,1.699
2024-03-21,81.07,2.727,2.669,1.683
2024-03-22,80.63,2.74,2.653,1.659
2024-03-25,81.95,2.748,2.679,1.615
2024-03-26,81.62,2.701,2.622,1.575
2024-03-27,81.35,2.685,2.599,1.718
2024-03-28,83.17,2.761,2.616,1.763
2024-04-01,83.71,2.71,2.627,1.837
2024-04-02,85.15,2.759,2.712,1.862
2024-04-03,85.43,2.761,2.732,1.841
2024-04-04,86.59,2.794,2.741,1.774
2024-04-05,86.91,2.789,2.773,1.785
