date,heating_oil_price_usd_per_gallon
2015-01-02,1.796
2015-01-05,1.749
2015-01-06,1.726
2015-01-07,1.7
2015-01-08,1.711
2015-01-09,1.703
2015-01-12,1.654
2015-01-13,1.633
2015-01-14,1.655
2015-01-15,1.623
2015-01-16,1.666
2015-01-20,1.627
2015-01-21,1.646
2015-01-22,1.638
2015-01-23,1.647
2015-01-26,1.64
2015-01-27,1.663
2015-01-28,1.632
2015-01-29,1.618
2015-01-30,1.686
2015-02-02,1.758
2015-02-03,1.847
2015-02-04,1.767
2015-02-05,1.806
2015-02-06,1.839
2015-02-09,1.873
2015-02-10,1.833
2015-02-11,1.814
2015-02-12,1.914
2015-02-13,1.971
2015-02-17,1.977
2015-02-18,1.959
2015-02-19,1.994
2015-02-20,2.112
2015-02-23,2.218
2015-02-24,2.029
2015-02-25,2.104
2015-02-26,2.136
2015-02-27,2.299
2015-03-02,1.887
2015-03-03,1.94
2015-03-04,1.901
2015-03-05,1.877
2015-03-06,1.869
2015-03-09,1.84
2015-03-10,1.814
2015-03-11,1.82
2015-03-12,1.779
2015-03-13,1.713
2015-03-16,1.699
2015-03-17,1.694
2015-03-18,1.773
2015-03-19,1.722
2015-03-20,1.734
2015-03-23,1.731
2015-03-24,1.707
2015-03-25,1.728
2015-03-26,1.788
2015-03-27,1.728
2015-03-30,1.731
2015-03-31,1.718
2015-04-01,1.747
2015-04-02,1.683
2015-04-06,1.764
2015-04-07,1.784
2015-04-08,1.698
2015-04-09,1.727
2015-04-10,1.766
2015-04-13,1.783
2015-04-14,1.802
2015-04-15,1.889
2015-04-16,1.908
2015-04-17,1.882
2015-04-20,1.877
2015-04-21,1.853
2015-04-22,1.871
2015-04-23,1.924
2015-04-24,1.928
2015-04-27,1.921
2015-04-28,1.917
2015-04-29,1.948
2015-04-30,1.976
2015-05-01,1.982
2015-05-04,1.979
2015-05-05,2.015
2015-05-06,2.016
2015-05-07,1.962
2015-05-08,1.954
2015-05-11,1.945
2015-05-12,1.999
2015-05-13,2.005
2015-05-14,2.006
2015-05-15,2.005
2015-05-18,1.987
2015-05-19,1.929
2015-05-20,1.946
2015-05-21,1.986
2015-05-22,1.953
2015-05-26,1.9
2015-05-27,1.857
2015-05-28,1.87
2015-05-29,1.955
2015-06-01,1.926
2015-06-02,1.946
2015-06-03,1.892
2015-06-04,1.844
2015-06-05,1.87
2015-06-08,1.855
2015-06-09,1.918
2015-06-10,1.946
2015-06-11,1.921
2015-06-12,1.889
2015-06-15,1.87
2015-06-16,1.885
2015-06-17,1.91
2015-06-18,1.915
2015-06-19,1.867
2015-06-22,1.869
2015-06-23,1.911
2015-06-24,1.876
2015-06-25,1.862
2015-06-26,1.863
2015-06-29,1.837
2015-06-30,1.887
2015-07-01,1.839
2015-07-02,1.84
2015-07-06,1.709
2015-07-07,1.711
2015-07-08,1.715
2015-07-09,1.736
2015-07-10,1.74
2015-07-13,1.719
2015-07-14,1.725
2015-07-15,1.669
2015-07-16,1.666
2015-07-17,1.664
2015-07-20,1.658
2015-07-21,1.678
2015-07-22,1.672
2015-07-23,1.655
2015-07-24,1.63
2015-07-27,1.596
2015-07-28,1.604
2015-07-29,1.598
2015-07-30,1.598
2015-07-31,1.584
2015-08-03,1.531
2015-08-04,1.548
2015-08-05,1.539
2015-08-06,1.55
2015-08-07,1.544
2015-08-10,1.592
2015-08-11,1.563
2015-08-12,1.587
2015-08-13,1.569
2015-08-14,1.558
2015-08-17,1.555
2015-08-18,1.559
2015-08-19,1.518
2015-08-20,1.496
2015-08-21,1.462
2015-08-24,1.393
2015-08-25,1.395
2015-08-26,1.381
2015-08-27,1.496
2015-08-28,1.576
2015-08-31,1.674
2015-09-01,1.578
2015-09-02,1.609
2015-09-03,1.619
2015-09-04,1.596
2015-09-08,1.594
2015-09-09,1.539
2015-09-10,1.575
2015-09-11,1.55
2015-09-14,1.504
2015-09-15,1.5
2015-09-16,1.541
2015-09-17,1.53
2015-09-18,1.491
2015-09-21,1.514
2015-09-22,1.532
2015-09-23,1.506
2015-09-24,1.524
2015-09-25,1.523
2015-09-28,1.477
2015-09-29,1.498
2015-09-30,1.513
2015-10-01,1.52
2015-10-02,1.52
2015-10-05,1.548
2015-10-06,1.612
2015-10-07,1.58
2015-10-08,1.602
2015-10-09,1.591
2015-10-13,1.471
2015-10-14,1.483
2015-10-15,1.486
2015-10-16,1.497
2015-10-19,1.449
2015-10-20,1.449
2015-10-21,1.45
2015-10-22,1.465
2015-10-23,1.454
2015-10-26,1.426
2015-10-27,1.424
2015-10-28,1.484
2015-10-29,1.475
2015-10-30,1.499
2015-11-02,1.507
2015-11-03,1.566
2015-11-04,1.504
2015-11-05,1.487
2015-11-06,1.49
2015-11-09,1.477
2015-11-10,1.487
2015-11-12,1.407
2015-11-13,1.381
2015-11-16,1.385
2015-11-17,1.368
2015-11-18,1.38
2015-11-19,1.372
2015-11-20,1.371
2015-11-23,1.374
2015-11-24,1.4
2015-11-25,1.403
2015-11-27,1.352
2015-11-30,1.337
2015-12-01,1.369
2015-12-02,1.305
2015-12-03,1.359
2015-12-04,1.342
2015-12-07,1.28
2015-12-08,1.259
2015-12-09,1.239
2015-12-10,1.225
2015-12-11,1.146
2015-12-14,1.128
2015-12-15,1.147
2015-12-16,1.112
2015-12-17,1.105
2015-12-18,1.107
2015-12-21,1.1
2015-12-22,1.088
2015-12-23,1.119
2015-12-24,1.101
2015-12-28,1.09
2015-12-29,1.13
2015-12-30,1.079
2015-12-31,1.101
2016-01-04,1.126
2016-01-05,1.125
2016-01-06,1.081
2016-01-07,1.066
2016-01-08,1.052
2016-01-11,1.015
2016-01-12,0.99
2016-01-13,0.969
2016-01-14,0.981
2016-01-15,0.934
2016-01-19,0.909
2016-01-20,0.866
2016-01-21,0.898
2016-01-22,0.996
2016-01-25,0.935
2016-01-26,0.968
2016-01-27,1.025
2016-01-28,1.031
2016-01-29,1.055
2016-02-01,1.037
2016-02-02,1.011
2016-02-03,1.079
2016-02-04,1.081
2016-02-05,1.059
2016-02-08,1.046
2016-02-09,0.975
2016-02-10,0.975
2016-02-11,0.979
2016-02-12,1.069
2016-02-16,1.027
2016-02-17,1.088
2016-02-18,1.079
2016-02-19,1.026
2016-02-22,1.055
2016-02-23,1.022
2016-02-24,1.059
2016-02-25,1.07
2016-02-26,1.051
2016-02-29,1.076
2016-03-01,1.1
2016-03-02,1.107
2016-03-03,1.12
2016-03-04,1.161
2016-03-07,1.223
2016-03-08,1.2
2016-03-09,1.233
2016-03-10,1.216
2016-03-11,1.218
2016-03-14,1.197
2016-03-15,1.178
2016-03-16,1.231
2016-03-17,1.255
2016-03-18,1.239
2016-03-21,1.237
2016-03-22,1.252
2016-03-23,1.204
2016-03-24,1.198
2016-03-28,1.18
2016-03-29,1.156
2016-03-30,1.16
2016-03-31,1.185
2016-04-01,1.132
2016-04-04,1.089
2016-04-05,1.075
2016-04-06,1.14
2016-04-07,1.126
2016-04-08,1.2
2016-04-11,1.215
2016-04-12,1.276
2016-04-13,1.266
2016-04-14,1.254
2016-04-15,1.232
2016-04-18,1.236
2016-04-19,1.263
2016-04-20,1.332
2016-04-21,1.3
2016-04-22,1.309
2016-04-25,1.29
2016-04-26,1.333
2016-04-27,1.38
2016-04-28,1.405
2016-04-29,1.378
2016-05-02,1.356
2016-05-03,1.333
2016-05-04,1.328
2016-05-05,1.329
2016-05-06,1.337
2016-05-09,1.286
2016-05-10,1.338
2016-05-11,1.397
2016-05-12,1.394
2016-05-13,1.403
2016-05-16,1.44
2016-05-17,1.467
2016-05-18,1.483
2016-05-19,1.479
2016-05-20,1.49
2016-05-23,1.478
2016-05-24,1.489
2016-05-25,1.513
2016-05-26,1.501
2016-05-27,1.494
2016-05-31,1.498
2016-06-01,1.499
2016-06-03,1.488
2016-06-06,1.503
2016-06-07,1.542
2016-06-08,1.571
2016-06-09,1.551
2016-06-10,1.516
2016-06-13,1.515
2016-06-14,1.502
2016-06-15,1.478
2016-06-16,1.423
2016-06-17,1.482
2016-06-20,1.527
2016-06-21,1.517
2016-06-22,1.505
2016-06-23,1.521
2016-06-24,1.455
2016-06-27,1.429
2016-06-28,1.471
2016-06-29,1.534
2016-06-30,1.485
2016-07-01,1.512
2016-07-05,1.446
2016-07-06,1.471
2016-07-07,1.411
2016-07-08,1.412
2016-07-11,1.416
2016-07-12,1.463
2016-07-13,1.381
2016-07-14,1.406
2016-07-15,1.397
2016-07-18,1.378
2016-07-19,1.384
2016-07-20,1.405
2016-07-21,1.371
2016-07-22,1.357
2016-07-25,1.323
2016-07-26,1.326
2016-07-27,1.295
2016-07-28,1.27
2016-07-29,1.276
2016-08-01,1.258
2016-08-02,1.259
2016-08-03,1.288
2016-08-04,1.326
2016-08-05,1.317
2016-08-08,1.344
2016-08-09,1.331
2016-08-10,1.318
2016-08-11,1.385
2016-08-12,1.409
2016-08-15,1.45
2016-08-16,1.461
2016-08-17,1.489
2016-08-18,1.526
2016-08-19,1.52
2016-08-22,1.486
2016-08-23,1.502
2016-08-24,1.496
2016-08-25,1.509
2016-08-26,1.497
2016-08-29,1.486
2016-08-30,1.471
2016-08-31,1.41
2016-09-01,1.382
2016-09-02,1.41
2016-09-06,1.409
2016-09-07,1.427
2016-09-08,1.482
2016-09-09,1.43
2016-09-12,1.442
2016-09-13,1.423
2016-09-14,1.382
2016-09-15,1.416
2016-09-16,1.405
2016-09-19,1.394
2016-09-20,1.405
2016-09-21,1.429
2016-09-22,1.454
2016-09-23,1.407
2016-09-26,1.449
2016-09-27,1.41
2016-09-28,1.491
2016-09-29,1.51
2016-09-30,1.528
2016-10-03,1.553
2016-10-04,1.554
2016-10-05,1.582
2016-10-06,1.596
2016-10-07,1.579
2016-10-11,1.587
2016-10-12,1.567
2016-10-13,1.58
2016-10-14,1.567
2016-10-17,1.556
2016-10-18,1.569
2016-10-19,1.588
2016-10-20,1.56
2016-10-21,1.574
2016-10-24,1.58
2016-10-25,1.563
2016-10-26,1.551
2016-10-27,1.57
2016-10-28,1.542
2016-10-31,1.496
2016-11-01,1.517
2016-11-02,1.467
2016-11-03,1.458
2016-11-04,1.43
2016-11-07,1.441
2016-11-08,1.441
2016-11-09,1.441
2016-11-10,1.437
2016-11-14,1.386
2016-11-15,1.444
2016-11-16,1.435
2016-11-17,1.447
2016-11-18,1.458
2016-11-21,1.525
2016-11-22,1.526
2016-11-23,1.517
2016-11-28,1.513
2016-11-29,1.463
2016-11-30,1.571
2016-12-01,1.648
2016-12-02,1.658
2016-12-05,1.657
2016-12-06,1.638
2016-12-07,1.618
2016-12-08,1.626
2016-12-09,1.637
2016-12-12,1.672
2016-12-13,1.675
2016-12-14,1.644
2016-12-15,1.642
2016-12-16,1.672
2016-12-19,1.669
2016-12-20,1.669
2016-12-21,1.64
2016-12-22,1.661
2016-12-23,1.663
2016-12-27,1.699
2016-12-28,1.699
2016-12-29,1.704
2016-12-30,1.704
2017-01-03,1.677
2017-01-04,1.693
2017-01-05,1.694
2017-01-06,1.703
2017-01-09,1.638
2017-01-10,1.611
2017-01-11,1.652
2017-01-12,1.676
2017-01-13,1.651
2017-01-17,1.649
2017-01-18,1.609
2017-01-19,1.618
2017-01-20,1.646
2017-01-23,1.627
2017-01-24,1.642
2017-01-25,1.611
2017-01-26,1.641
2017-01-27,1.619
2017-01-30,1.607
2017-01-31,1.612
2017-02-01,1.674
2017-02-02,1.652
2017-02-03,1.665
2017-02-06,1.635
2017-02-07,1.622
2017-02-08,1.636
2017-02-09,1.642
2017-02-10,1.666
2017-02-13,1.627
2017-02-14,1.638
2017-02-15,1.631
2017-02-16,1.629
2017-02-17,1.636
2017-02-21,1.643
2017-02-22,1.63
2017-02-23,1.657
2017-02-24,1.64
2017-02-27,1.64
2017-02-28,1.621
2017-03-01,1.624
2017-03-02,1.579
2017-03-03,1.594
2017-03-06,1.605
2017-03-07,1.614
2017-03-08,1.557
2017-03-09,1.53
2017-03-10,1.504
2017-03-13,1.501
2017-03-14,1.492
2017-03-15,1.512
2017-03-16,1.504
2017-03-17,1.509
2017-03-20,1.514
2017-03-21,1.503
2017-03-22,1.497
2017-03-23,1.49
2017-03-24,1.498
2017-03-27,1.503
2017-03-28,1.517
2017-03-29,1.543
2017-03-30,1.558
2017-03-31,1.574
2017-04-03,1.563
2017-04-04,1.592
2017-04-05,1.604
2017-04-06,1.613
2017-04-07,1.628
2017-04-10,1.647
2017-04-11,1.651
2017-04-12,1.652
2017-04-13,1.65
2017-04-17,1.633
2017-04-18,1.622
2017-04-19,1.581
2017-04-20,1.579
2017-04-21,1.553
2017-04-24,1.543
2017-04-25,1.545
2017-04-26,1.537
2017-04-27,1.507
2017-04-28,1.504
2017-05-01,1.488
2017-05-02,1.468
2017-05-03,1.474
2017-05-04,1.412
2017-05-05,1.437
2017-05-08,1.456
2017-05-09,1.442
2017-05-10,1.475
2017-05-11,1.49
2017-05-12,1.493
2017-05-15,1.51
2017-05-16,1.516
2017-05-17,1.534
2017-05-18,1.545
2017-05-19,1.583
2017-05-22,1.602
2017-05-23,1.607
2017-05-24,1.606
2017-05-25,1.551
2017-05-26,1.563
2017-05-30,1.549
2017-05-31,1.515
2017-06-01,1.502
2017-06-02,1.485
2017-06-05,1.459
2017-06-06,1.466
2017-06-07,1.416
2017-06-08,1.422
2017-06-09,1.431
2017-06-12,1.425
2017-06-13,1.448
2017-06-14,1.41
2017-06-15,1.415
2017-06-16,1.427
2017-06-19,1.411
2017-06-20,1.395
2017-06-21,1.365
2017-06-22,1.372
2017-06-23,1.372
2017-06-26,1.38
2017-06-27,1.414
2017-06-28,1.433
2017-06-29,1.446
2017-06-30,1.476
2017-07-03,1.513
2017-07-05,1.479
2017-07-06,1.482
2017-07-07,1.448
2017-07-10,1.454
2017-07-11,1.476
2017-07-12,1.474
2017-07-13,1.492
2017-07-14,1.515
2017-07-17,1.5
2017-07-18,1.51
2017-07-19,1.551
2017-07-20,1.544
2017-07-21,1.515
2017-07-24,1.517
2017-07-25,1.569
2017-07-26,1.595
2017-07-27,1.603
2017-07-28,1.64
2017-07-31,1.652
2017-08-01,1.641
2017-08-02,1.659
2017-08-03,1.639
2017-08-04,1.649
2017-08-07,1.64
2017-08-08,1.629
2017-08-09,1.653
2017-08-10,1.631
2017-08-11,1.635
2017-08-14,1.606
2017-08-15,1.6
2017-08-16,1.574
2017-08-17,1.582
2017-08-18,1.62
2017-08-21,1.571
2017-08-22,1.591
2017-08-23,1.624
2017-08-24,1.621
2017-08-25,1.622
2017-08-28,1.635
2017-08-29,1.666
2017-08-30,1.674
2017-08-31,1.758
2017-09-01,1.747
2017-09-05,1.748
2017-09-06,1.76
2017-09-07,1.786
2017-09-08,1.766
2017-09-11,1.743
2017-09-12,1.741
2017-09-13,1.769
2017-09-14,1.778
2017-09-15,1.799
2017-09-18,1.78
2017-09-19,1.773
2017-09-20,1.807
2017-09-21,1.815
2017-09-22,1.816
2017-09-25,1.856
2017-09-26,1.845
2017-09-27,1.846
2017-09-28,1.832
2017-09-29,1.812
2017-10-02,1.767
2017-10-03,1.751
2017-10-04,1.774
2017-10-05,1.786
2017-10-06,1.744
2017-10-10,1.765
2017-10-11,1.786
2017-10-12,1.766
2017-10-13,1.797
2017-10-16,1.813
2017-10-17,1.81
2017-10-18,1.803
2017-10-19,1.777
2017-10-20,1.805
2017-10-23,1.788
2017-10-24,1.822
2017-10-25,1.818
2017-10-26,1.842
2017-10-27,1.867
2017-10-30,1.878
2017-10-31,1.885
2017-11-01,1.863
2017-11-02,1.854
2017-11-03,1.887
2017-11-06,1.942
2017-11-07,1.922
2017-11-08,1.922
2017-11-09,1.947
2017-11-13,1.932
2017-11-14,1.907
2017-11-15,1.909
2017-11-16,1.902
2017-11-17,1.947
2017-11-20,1.932
2017-11-21,1.936
2017-11-22,1.933
2017-11-27,1.948
2017-11-28,1.951
2017-11-29,1.922
2017-11-30,1.893
2017-12-01,1.941
2017-12-04,1.895
2017-12-05,1.914
2017-12-06,1.861
2017-12-07,1.897
2017-12-08,1.929
2017-12-11,1.951
2017-12-12,1.934
2017-12-13,1.904
2017-12-14,1.91
2017-12-15,1.904
2017-12-18,1.925
2017-12-19,1.94
2017-12-20,1.944
2017-12-21,1.95
2017-12-22,1.969
2017-12-26,2.039
2017-12-27,2.04
2017-12-28,2.052
2018-01-02,2.058
2018-01-03,2.088
2018-01-04,2.077
2018-01-05,2.059
2018-01-08,2.045
2018-01-09,2.066
2018-01-10,2.081
2018-01-11,2.077
2018-01-12,2.085
2018-01-16,2.063
2018-01-17,2.069
2018-01-18,2.062
2018-01-19,2.058
2018-01-22,2.057
2018-01-23,2.086
2018-01-24,2.106
2018-01-25,2.115
2018-01-26,2.136
2018-01-29,2.105
2018-01-30,2.072
2018-01-31,2.069
2018-02-01,2.09
2018-02-02,2.054
2018-02-05,2.02
2018-02-06,1.985
2018-02-07,1.931
2018-02-08,1.921
2018-02-09,1.855
2018-02-12,1.839
2018-02-13,1.837
2018-02-14,1.884
2018-02-15,1.892
2018-02-16,1.91
2018-02-20,1.928
2018-02-21,1.932
2018-02-22,1.953
2018-02-23,1.969
2018-02-26,1.986
2018-02-27,1.963
2018-02-28,1.914
2018-03-01,1.886
2018-03-02,1.88
2018-03-05,1.897
2018-03-06,1.903
2018-03-07,1.875
2018-03-08,1.859
2018-03-09,1.887
2018-03-12,1.865
2018-03-13,1.874
2018-03-14,1.887
2018-03-15,1.893
2018-03-16,1.912
2018-03-19,1.907
2018-03-20,1.95
2018-03-21,2.004
2018-03-22,1.992
2018-03-23,2.018
2018-03-26,2.015
2018-03-27,2.022
2018-03-28,2.015
2018-03-29,2.028
2018-04-02,1.98
2018-04-03,1.995
2018-04-04,1.977
2018-04-05,1.977
2018-04-06,1.958
2018-04-09,1.997
2018-04-10,2.065
2018-04-11,2.093
2018-04-12,2.084
2018-04-13,2.1
2018-04-16,2.07
2018-04-17,2.057
2018-04-18,2.091
2018-04-19,2.109
2018-04-20,2.123
2018-04-23,2.141
2018-04-24,2.128
2018-04-25,2.136
2018-04-26,2.16
2018-04-27,2.151
2018-04-30,2.167
2018-05-01,2.1
2018-05-02,2.122
2018-05-03,2.113
2018-05-04,2.154
2018-05-07,2.185
2018-05-08,2.158
2018-05-09,2.218
2018-05-10,2.223
2018-05-11,2.222
2018-05-14,2.25
2018-05-15,2.249
2018-05-16,2.269
2018-05-17,2.281
2018-05-18,2.266
2018-05-21,2.274
2018-05-22,2.28
2018-05-23,2.29
2018-05-24,2.267
2018-05-25,2.21
2018-05-29,2.186
2018-05-30,2.232
2018-05-31,2.191
2018-06-01,2.176
2018-06-04,2.153
2018-06-05,2.142
2018-06-06,2.127
2018-06-07,2.18
2018-06-08,2.164
2018-06-11,2.161
2018-06-12,2.162
2018-06-13,2.185
2018-06-14,2.159
2018-06-15,2.087
2018-06-18,2.132
2018-06-19,2.122
2018-06-20,2.107
2018-06-21,2.07
2018-06-22,2.125
2018-06-25,2.1
2018-06-26,2.129
2018-06-27,2.177
2018-06-28,2.178
2018-06-29,2.209
2018-07-02,2.156
2018-07-03,2.164
2018-07-05,2.179
2018-07-06,2.168
2018-07-09,2.196
2018-07-10,2.222
2018-07-11,2.101
2018-07-12,2.123
2018-07-13,2.133
2018-07-16,2.054
2018-07-17,2.07
2018-07-18,2.09
2018-07-19,2.09
2018-07-20,2.104
2018-07-23,2.118
2018-07-24,2.133
2018-07-25,2.151
2018-07-26,2.177
2018-07-27,2.155
2018-07-30,2.171
2018-07-31,2.132
2018-08-01,2.097
2018-08-02,2.132
2018-08-03,2.127
2018-08-06,2.139
2018-08-07,2.169
2018-08-08,2.116
2018-08-09,2.112
2018-08-10,2.14
2018-08-13,2.137
2018-08-14,2.129
2018-08-15,2.09
2018-08-16,2.096
2018-08-17,2.098
2018-08-20,2.114
2018-08-21,2.124
2018-08-22,2.168
2018-08-23,2.175
2018-08-24,2.202
2018-08-27,2.215
2018-08-28,2.211
2018-08-29,2.242
2018-08-30,2.248
2018-08-31,2.241
2018-09-04,2.255
2018-09-05,2.235
2018-09-06,2.209
2018-09-07,2.218
2018-09-10,2.218
2018-09-11,2.252
2018-09-12,2.258
2018-09-13,2.224
2018-09-14,2.209
2018-09-17,2.206
2018-09-18,2.236
2018-09-19,2.247
2018-09-20,2.228
2018-09-21,2.226
2018-09-24,2.286
2018-09-25,2.305
2018-09-26,2.3
2018-09-27,2.323
2018-09-28,2.352
2018-10-01,2.408
2018-10-02,2.408
2018-10-03,2.437
2018-10-04,2.4
2018-10-05,2.392
2018-10-08,2.394
2018-10-09,2.424
2018-10-10,2.395
2018-10-11,2.332
2018-10-12,2.321
2018-10-15,2.326
2018-10-16,2.34
2018-10-17,2.311
2018-10-18,2.295
2018-10-19,2.302
2018-10-22,2.318
2018-10-23,2.248
2018-10-24,2.252
2018-10-25,2.278
2018-10-26,2.303
2018-10-29,2.284
2018-10-30,2.26
2018-10-31,2.262
2018-11-01,2.201
2018-11-02,2.173
2018-11-05,2.196
2018-11-06,2.188
2018-11-07,2.237
2018-11-08,2.168
2018-11-09,2.173
2018-11-12,2.156
2018-11-13,2.063
2018-11-14,2.096
2018-11-15,2.074
2018-11-16,2.074
2018-11-19,2.086
2018-11-20,1.99
2018-11-21,1.97
2018-11-23,1.876
2018-11-26,1.893
2018-11-27,1.886
2018-11-28,1.838
2018-11-29,1.844
2018-11-30,1.846
2018-12-03,1.888
2018-12-04,1.901
2018-12-05,1.889
2018-12-06,1.858
2018-12-07,1.886
2018-12-10,1.844
2018-12-11,1.847
2018-12-12,1.851
2018-12-13,1.877
2018-12-14,1.845
2018-12-17,1.827
2018-12-18,1.754
2018-12-19,1.805
2018-12-20,1.75
2018-12-21,1.733
2018-12-24,1.662
2018-12-26,1.734
2018-12-27,1.678
2018-12-28,1.665
2018-12-31,1.681
2019-01-02,1.701
2019-01-03,1.742
2019-01-04,1.769
2019-01-07,1.778
2019-01-08,1.827
2019-01-09,1.881
2019-01-10,1.906
2019-01-11,1.88
2019-01-14,1.853
2019-01-15,1.872
2019-01-16,1.895
2019-01-17,1.884
2019-01-18,1.916
2019-01-22,1.901
2019-01-23,1.889
2019-01-24,1.886
2019-01-25,1.892
2019-01-28,1.838
2019-01-29,1.898
2019-01-30,1.898
2019-01-31,1.879
2019-02-01,1.913
2019-02-04,1.907
2019-02-05,1.898
2019-02-06,1.912
2019-02-07,1.901
2019-02-08,1.909
2019-02-11,1.892
2019-02-12,1.907
2019-02-13,1.939
2019-02-14,1.972
2019-02-15,2.02
2019-02-19,1.995
2019-02-20,2.018
2019-02-21,2.036
2019-02-22,2.031
2019-02-25,1.975
2019-02-26,1.999
2019-02-27,2.022
2019-02-28,2.024
2019-03-01,2.001
2019-03-04,2.014
2019-03-05,2.016
2019-03-06,2.016
2019-03-07,2.013
2019-03-08,2.0
2019-03-11,1.994
2019-03-12,1.986
2019-03-13,1.992
2019-03-14,1.985
2019-03-15,1.968
2019-03-18,1.969
2019-03-19,1.99
2019-03-20,2.008
2019-03-21,1.987
2019-03-22,1.966
2019-03-25,1.98
2019-03-26,1.99
2019-03-27,1.981
2019-03-28,1.972
2019-03-29,1.973
2019-04-01,1.988
2019-04-02,2.009
2019-04-03,2.007
2019-04-04,2.013
2019-04-05,2.042
2019-04-08,2.057
2019-04-09,2.045
2019-04-10,2.088
2019-04-11,2.067
2019-04-12,2.071
2019-04-15,2.061
2019-04-16,2.082
2019-04-17,2.069
2019-04-18,2.071
2019-04-22,2.104
2019-04-23,2.118
2019-04-24,2.099
2019-04-25,2.098
2019-04-26,2.051
2019-04-29,2.055
2019-04-30,2.081
2019-05-01,2.094
2019-05-02,2.078
2019-05-03,2.07
2019-05-06,2.068
2019-05-07,2.038
2019-05-08,2.056
2019-05-09,2.044
2019-05-10,2.05
2019-05-13,2.038
2019-05-14,2.059
2019-05-15,2.086
2019-05-16,2.123
2019-05-17,2.096
2019-05-20,2.074
2019-05-21,2.079
2019-05-22,2.049
2019-05-23,1.962
2019-05-24,1.971
2019-05-28,1.993
2019-05-29,1.968
2019-05-30,1.915
2019-05-31,1.842
2019-06-03,1.807
2019-06-04,1.822
2019-06-05,1.78
2019-06-06,1.788
2019-06-07,1.825
2019-06-10,1.806
2019-06-11,1.822
2019-06-12,1.78
2019-06-13,1.807
2019-06-14,1.829
2019-06-17,1.8
2019-06-18,1.828
2019-06-19,1.829
2019-06-20,1.884
2019-06-21,1.916
2019-06-24,1.909
2019-06-25,1.923
2019-06-26,1.971
2019-06-27,1.953
2019-06-28,1.945
2019-07-01,1.954
2019-07-02,1.886
2019-07-03,1.899
2019-07-05,1.905
2019-07-08,1.895
2019-07-09,1.911
2019-07-10,1.991
2019-07-11,1.979
2019-07-12,1.98
2019-07-15,1.952
2019-07-16,1.905
2019-07-17,1.893
2019-07-18,1.863
2019-07-19,1.89
2019-07-22,1.9
2019-07-23,1.922
2019-07-24,1.909
2019-07-25,1.914
2019-07-26,1.904
2019-07-29,1.911
2019-07-30,1.944
2019-07-31,1.955
2019-08-01,1.853
2019-08-02,1.89
2019-08-05,1.836
2019-08-06,1.824
2019-08-07,1.753
2019-08-08,1.777
2019-08-09,1.808
2019-08-12,1.806
2019-08-13,1.877
2019-08-14,1.844
2019-08-15,1.811
2019-08-16,1.813
2019-08-19,1.833
2019-08-20,1.854
2019-08-21,1.857
2019-08-22,1.841
2019-08-23,1.816
2019-08-26,1.792
2019-08-27,1.816
2019-08-28,1.851
2019-08-29,1.864
2019-08-30,1.828
2019-09-03,1.803
2019-09-04,1.88
2019-09-05,1.889
2019-09-06,1.9
2019-09-09,1.928
2019-09-10,1.931
2019-09-11,1.903
2019-09-12,1.885
2019-09-13,1.878
2019-09-16,2.084
2019-09-17,1.99
2019-09-18,1.973
2019-09-19,2.005
2019-09-20,1.986
2019-09-23,1.997
2019-09-24,1.968
2019-09-25,1.954
2019-09-26,1.955
2019-09-27,1.942
2019-09-30,1.906
2019-10-01,1.899
2019-10-02,1.873
2019-10-03,1.876
2019-10-04,1.895
2019-10-07,1.903
2019-10-08,1.91
2019-10-09,1.919
2019-10-10,1.921
2019-10-11,1.958
2019-10-14,1.915
2019-10-15,1.91
2019-10-16,1.943
2019-10-17,1.948
2019-10-18,1.947
2019-10-21,1.941
2019-10-22,1.944
2019-10-23,1.964
2019-10-24,1.986
2019-10-25,1.98
2019-10-28,1.962
2019-10-29,1.956
2019-10-30,1.914
2019-10-31,1.878
2019-11-01,1.933
2019-11-04,1.941
2019-11-05,1.957
2019-11-06,1.928
2019-11-07,1.92
2019-11-08,1.918
2019-11-12,1.898
2019-11-13,1.913
2019-11-14,1.918
2019-11-15,1.948
2019-11-18,1.905
2019-11-19,1.857
2019-11-20,1.892
2019-11-21,1.945
2019-11-22,1.929
2019-11-25,1.944
2019-11-26,1.961
2019-11-27,1.947
2019-11-29,1.879
2019-12-02,1.886
2019-12-03,1.88
2019-12-04,1.923
2019-12-05,1.933
2019-12-06,1.952
2019-12-09,1.944
2019-12-10,1.966
2019-12-11,1.929
2019-12-12,1.951
2019-12-13,1.986
2019-12-16,2.005
2019-12-17,2.033
2019-12-18,2.02
2019-12-19,2.03
2019-12-20,2.022
2019-12-23,2.022
2019-12-24,2.036
2019-12-26,2.052
2019-12-27,2.05
2019-12-30,2.041
2019-12-31,2.028
2020-01-02,2.024
2020-01-03,2.061
2020-01-06,2.034
2020-01-07,2.032
2020-01-08,1.958
2020-01-09,1.95
2020-01-10,1.928
2020-01-13,1.898
2020-01-14,1.91
2020-01-15,1.878
2020-01-16,1.86
2020-01-17,1.859
2020-01-21,1.829
2020-01-22,1.8
2020-01-23,1.792
2020-01-24,1.734
2020-01-27,1.68
2020-01-28,1.716
2020-01-29,1.704
2020-01-30,1.64
2020-01-31,1.625
2020-02-03,1.578
2020-02-04,1.584
2020-02-05,1.645
2020-02-06,1.665
2020-02-07,1.643
2020-02-10,1.613
2020-02-11,1.627
2020-02-12,1.676
2020-02-13,1.681
2020-02-14,1.698
2020-02-18,1.672
2020-02-19,1.707
2020-02-20,1.698
2020-02-21,1.687
2020-02-24,1.613
2020-02-25,1.569
2020-02-26,1.499
2020-02-27,1.489
2020-02-28,1.491
2020-03-02,1.529
2020-03-03,1.533
2020-03-04,1.533
2020-03-05,1.489
2020-03-06,1.385
2020-03-09,1.163
2020-03-10,1.25
2020-03-11,1.238
2020-03-12,1.16
2020-03-13,1.137
2020-03-16,1.047
2020-03-17,1.036
2020-03-18,0.954
2020-03-19,1.042
2020-03-20,1.006
2020-03-23,1.016
2020-03-24,1.08
2020-03-25,1.098
2020-03-26,1.05
2020-03-27,1.069
2020-03-30,1.019
2020-03-31,1.012
2020-04-01,0.932
2020-04-02,0.995
2020-04-03,1.071
2020-04-06,1.046
2020-04-07,1.028
2020-04-08,1.011
2020-04-09,0.973
2020-04-13,0.995
2020-04-14,0.944
2020-04-15,0.914
2020-04-16,0.946
2020-04-17,0.956
2020-04-20,0.888
2020-04-21,0.727
2020-04-22,0.731
2020-04-23,0.735
2020-04-24,0.647
2020-04-27,0.61
2020-04-28,0.631
2020-04-29,0.695
2020-04-30,0.732
2020-05-01,0.796
2020-05-04,0.803
2020-05-05,0.896
2020-05-06,0.824
2020-05-07,0.837
2020-05-08,0.899
2020-05-11,0.869
2020-05-12,0.838
2020-05-13,0.831
2020-05-14,0.895
2020-05-15,0.92
2020-05-18,1.006
2020-05-19,0.974
2020-05-20,0.991
2020-05-21,0.989
2020-05-22,0.982
2020-05-26,0.991
2020-05-27,0.972
2020-05-28,0.926
2020-05-29,0.965
2020-06-01,1.029
2020-06-02,1.092
2020-06-03,1.065
2020-06-04,1.074
2020-06-05,1.151
2020-06-08,1.121
2020-06-09,1.155
2020-06-10,1.173
2020-06-11,1.088
2020-06-12,1.101
2020-06-15,1.137
2020-06-16,1.182
2020-06-17,1.182
2020-06-18,1.199
2020-06-19,1.211
2020-06-22,1.219
2020-06-23,1.203
2020-06-24,1.151
2020-06-25,1.156
2020-06-26,1.136
2020-06-29,1.165
2020-06-30,1.178
2020-07-01,1.2
2020-07-02,1.231
2020-07-06,1.242
2020-07-07,1.243
2020-07-08,1.234
2020-07-09,1.224
2020-07-10,1.241
2020-07-13,1.224
2020-07-14,1.221
2020-07-15,1.245
2020-07-16,1.228
2020-07-17,1.219
2020-07-20,1.236
2020-07-21,1.28
2020-07-22,1.271
2020-07-23,1.254
2020-07-24,1.256
2020-07-27,1.254
2020-07-28,1.242
2020-07-29,1.253
2020-07-30,1.212
2020-07-31,1.217
2020-08-03,1.241
2020-08-04,1.258
2020-08-05,1.263
2020-08-06,1.25
2020-08-07,1.22
2020-08-10,1.237
2020-08-11,1.238
2020-08-12,1.257
2020-08-13,1.238
2020-08-14,1.237
2020-08-17,1.239
2020-08-18,1.26
2020-08-19,1.251
2020-08-20,1.247
2020-08-21,1.208
2020-08-24,1.248
2020-08-25,1.26
2020-08-26,1.245
2020-08-27,1.211
2020-08-28,1.216
2020-08-31,1.196
2020-09-01,1.231
2020-09-02,1.189
2020-09-03,1.168
2020-09-04,1.152
2020-09-08,1.077
2020-09-09,1.106
2020-09-10,1.082
2020-09-11,1.09
2020-09-14,1.093
2020-09-15,1.099
2020-09-16,1.116
2020-09-17,1.16
2020-09-18,1.159
2020-09-21,1.107
2020-09-22,1.096
2020-09-23,1.108
2020-09-24,1.117
2020-09-25,1.126
2020-09-28,1.14
2020-09-29,1.109
2020-09-30,1.145
2020-10-01,1.125
2020-10-02,1.085
2020-10-05,1.133
2020-10-06,1.189
2020-10-07,1.161
2020-10-08,1.192
2020-10-09,1.193
2020-10-12,1.157
2020-10-13,1.169
2020-10-14,1.193
2020-10-15,1.189
2020-10-16,1.179
2020-10-19,1.158
2020-10-20,1.174
2020-10-21,1.14
2020-10-22,1.161
2020-10-23,1.151
2020-10-26,1.122
2020-10-27,1.158
2020-10-28,1.114
2020-10-29,1.088
2020-10-30,1.081
2020-11-02,1.112
2020-11-03,1.127
2020-11-04,1.174
2020-11-05,1.17
2020-11-06,1.143
2020-11-09,1.217
2020-11-10,1.253
2020-11-11,1.246
2020-11-12,1.233
2020-11-13,1.204
2020-11-16,1.229
2020-11-17,1.239
2020-11-18,1.264
2020-11-19,1.271
2020-11-20,1.286
2020-11-23,1.311
2020-11-24,1.36
2020-11-25,1.387
2020-11-30,1.356
2020-12-01,1.347
2020-12-02,1.366
2020-12-03,1.393
2020-12-04,1.403
2020-12-07,1.399
2020-12-08,1.407
2020-12-09,1.399
2020-12-10,1.436
2020-12-11,1.437
2020-12-14,1.454
2020-12-15,1.464
2020-12-16,1.478
2020-12-17,1.495
2020-12-18,1.513
2020-12-21,1.477
2020-12-22,1.462
2020-12-23,1.498
2020-12-24,1.49
2020-12-28,1.479
2020-12-29,1.487
2020-12-30,1.49
2020-12-31,1.476
2021-01-04,1.462
2021-01-05,1.519
2021-01-06,1.529
2021-01-07,1.538
2021-01-08,1.58
2021-01-11,1.574
2021-01-12,1.597
2021-01-13,1.599
2021-01-14,1.619
2021-01-15,1.593
2021-01-19,1.599
2021-01-20,1.6
2021-01-21,1.601
2021-01-22,1.576
2021-01-25,1.594
2021-01-26,1.598
2021-01-27,1.609
2021-01-28,1.602
2021-01-29,1.6
2021-02-01,1.647
2021-02-02,1.675
2021-02-03,1.691
2021-02-04,1.701
2021-02-05,1.714
2021-02-08,1.748
2021-02-09,1.757
2021-02-10,1.761
2021-02-11,1.745
2021-02-12,1.771
2021-02-16,1.814
2021-02-17,1.838
2021-02-18,1.836
2021-02-19,1.823
2021-02-22,1.859
2021-02-23,1.868
2021-02-24,1.908
2021-02-25,1.907
2021-02-26,1.857
2021-03-01,1.819
2021-03-02,1.808
2021-03-03,1.836
2021-03-04,1.896
2021-03-05,1.944
2021-03-08,1.909
2021-03-09,1.907
2021-03-10,1.917
2021-03-11,1.959
2021-03-12,1.968
2021-03-15,1.949
2021-03-16,1.933
2021-03-17,1.906
2021-03-18,1.784
2021-03-19,1.822
2021-03-22,1.829
2021-03-23,1.749
2021-03-24,1.826
2021-03-25,1.748
2021-03-26,1.81
2021-03-29,1.81
2021-03-30,1.789
2021-03-31,1.771
2021-04-01,1.832
2021-04-05,1.772
2021-04-06,1.794
2021-04-07,1.808
2021-04-08,1.81
2021-04-09,1.808
2021-04-12,1.808
2021-04-13,1.815
2021-04-14,1.89
2021-04-15,1.899
2021-04-16,1.896
2021-04-19,1.893
2021-04-20,1.88
2021-04-21,1.854
2021-04-22,1.861
2021-04-23,1.874
2021-04-26,1.879
2021-04-27,1.906
2021-04-28,1.939
2021-04-29,1.961
2021-04-30,1.921
2021-05-03,1.952
2021-05-04,1.999
2021-05-05,2.003
2021-05-06,1.99
2021-05-07,2.011
2021-05-10,2.017
2021-05-11,2.042
2021-05-12,2.07
2021-05-13,2.001
2021-05-14,2.036
2021-05-17,2.06
2021-05-18,2.056
2021-05-19,2.007
2021-05-20,1.964
2021-05-21,1.988
2021-05-24,2.042
2021-05-25,2.035
2021-05-26,2.045
2021-05-27,2.056
2021-05-28,2.045
2021-06-01,2.072
2021-06-02,2.107
2021-06-03,2.102
2021-06-04,2.12
2021-06-07,2.116
2021-06-08,2.135
2021-06-09,2.13
2021-06-10,2.143
2021-06-11,2.121
2021-06-14,2.112
2021-06-15,2.112
2021-06-16,2.103
2021-06-17,2.067
2021-06-18,2.093
2021-06-21,2.127
2021-06-22,2.151
2021-06-23,2.159
2021-06-24,2.162
2021-06-25,2.149
2021-06-28,2.118
2021-06-29,2.122
2021-06-30,2.129
2021-07-01,2.156
2021-07-02,2.179
2021-07-06,2.105
2021-07-07,2.089
2021-07-08,2.12
2021-07-09,2.155
2021-07-12,2.15
2021-07-13,2.184
2021-07-14,2.144
2021-07-15,2.113
2021-07-16,2.113
2021-07-19,1.985
2021-07-20,2.013
2021-07-21,2.087
2021-07-22,2.133
2021-07-23,2.134
2021-07-26,2.151
2021-07-27,2.144
2021-07-28,2.156
2021-07-29,2.189
2021-07-30,2.199
2021-08-02,2.136
2021-08-03,2.126
2021-08-04,2.074
2021-08-05,2.106
2021-08-06,2.085
2021-08-09,2.042
2021-08-10,2.08
2021-08-11,2.106
2021-08-12,2.104
2021-08-13,2.078
2021-08-16,2.048
2021-08-17,2.036
2021-08-18,2.021
2021-08-19,1.969
2021-08-20,1.908
2021-08-23,2.005
2021-08-24,2.067
2021-08-25,2.118
2021-08-26,2.083
2021-08-27,2.109
2021-08-30,2.14
2021-08-31,2.131
2021-09-01,2.129
2021-09-02,2.168
2021-09-03,2.159
2021-09-07,2.122
2021-09-08,2.136
2021-09-09,2.114
2021-09-10,2.146
2021-09-13,2.158
2021-09-14,2.161
2021-09-15,2.205
2021-09-16,2.211
2021-09-17,2.209
2021-09-20,2.159
2021-09-21,2.174
2021-09-22,2.212
2021-09-23,2.249
2021-09-24,2.267
2021-09-27,2.296
2021-09-28,2.289
2021-09-29,2.308
2021-09-30,2.342
2021-10-01,2.383
2021-10-04,2.437
2021-10-05,2.494
2021-10-06,2.442
2021-10-07,2.46
2021-10-08,2.474
2021-10-11,2.515
2021-10-12,2.51
2021-10-13,2.521
2021-10-14,2.561
2021-10-15,2.574
2021-10-18,2.549
2021-10-19,2.561
2021-10-20,2.592
2021-10-21,2.549
2021-10-22,2.539
2021-10-25,2.565
2021-10-26,2.577
2021-10-27,2.515
2021-10-28,2.517
2021-10-29,2.496
2021-11-01,2.503
2021-11-02,2.508
2021-11-03,2.435
2021-11-04,2.407
2021-11-05,2.456
2021-11-08,2.467
2021-11-09,2.508
2021-11-10,2.452
2021-11-11,2.447
2021-11-12,2.404
2021-11-15,2.398
2021-11-16,2.431
2021-11-17,2.364
2021-11-18,2.384
2021-11-19,2.293
2021-11-22,2.325
2021-11-23,2.384
2021-11-24,2.383
2021-11-29,2.152
2021-11-30,2.064
2021-12-01,2.077
2021-12-02,2.103
2021-12-03,2.098
2021-12-06,2.171
2021-12-07,2.225
2021-12-08,2.261
2021-12-09,2.25
2021-12-10,2.252
2021-12-13,2.233
2021-12-14,2.218
2021-12-15,2.22
2021-12-16,2.266
2021-12-17,2.22
2021-12-20,2.173
2021-12-21,2.258
2021-12-22,2.308
2021-12-23,2.331
2021-12-27,2.354
2021-12-28,2.371
2021-12-29,2.378
2021-12-30,2.396
2021-12-31,2.33
2022-01-03,2.357
2022-01-04,2.41
2022-01-05,2.446
2022-01-06,2.478
2022-01-07,2.482
2022-01-10,2.488
2022-01-11,2.564
2022-01-12,2.594
2022-01-13,2.609
2022-01-14,2.634
2022-01-18,2.674
2022-01-19,2.692
2022-01-20,2.672
2022-01-21,2.691
2022-01-24,2.627
2022-01-25,2.669
2022-01-26,2.744
2022-01-27,2.795
2022-01-28,2.786
2022-01-31,2.759
2022-02-01,2.741
2022-02-02,2.769
2022-02-03,2.84
2022-02-04,2.875
2022-02-07,2.855
2022-02-08,2.793
2022-02-09,2.825
2022-02-10,2.827
2022-02-11,2.911
2022-02-14,2.962
2022-02-15,2.86
2022-02-16,2.858
2022-02-17,2.786
2022-02-18,2.782
2022-02-22,2.819
2022-02-23,2.829
2022-02-24,2.897
2022-02-25,2.85
2022-02-28,3.013
2022-03-01,3.151
2022-03-02,3.495
2022-03-03,3.503
2022-03-04,3.776
2022-03-07,3.922
2022-03-08,4.437
2022-03-09,3.464
2022-03-10,3.296
2022-03-11,3.418
2022-03-14,3.276
2022-03-15,3.03
2022-03-16,3.1
2022-03-17,3.487
2022-03-18,3.598
2022-03-21,3.801
2022-03-22,3.864
2022-03-23,4.115
2022-03-24,4.153
2022-03-25,4.115
2022-03-28,3.783
2022-03-29,3.716
2022-03-30,3.809
2022-03-31,3.691
2022-04-01,3.424
2022-04-04,3.546
2022-04-05,3.468
2022-04-06,3.345
2022-04-07,3.268
2022-04-08,3.318
2022-04-11,3.268
2022-04-12,3.464
2022-04-13,3.718
2022-04-14,3.855
2022-04-18,3.891
2022-04-19,3.862
2022-04-20,3.973
2022-04-21,3.901
2022-04-22,3.939
2022-04-25,4.091
2022-04-26,4.468
2022-04-27,4.674
2022-04-28,5.135
2022-04-29,4.782
2022-05-02,4.205
2022-05-03,4.083
2022-05-04,4.197
2022-05-05,4.041
2022-05-06,3.954
2022-05-09,3.835
2022-05-10,3.932
2022-05-11,3.951
2022-05-12,3.916
2022-05-13,3.921
2022-05-16,3.908
2022-05-17,3.799
2022-05-18,3.668
2022-05-19,3.792
2022-05-20,3.739
2022-05-23,3.769
2022-05-24,3.782
2022-05-25,3.866
2022-05-26,3.968
2022-05-27,4.003
2022-05-31,4.091
2022-06-01,4.143
2022-06-02,4.208
2022-06-03,4.28
2022-06-06,4.36
2022-06-07,4.321
2022-06-08,4.314
2022-06-09,4.404
2022-06-10,4.367
2022-06-13,4.283
2022-06-14,4.394
2022-06-15,4.547
2022-06-16,4.571
2022-06-17,4.34
2022-06-21,4.358
2022-06-22,4.405
2022-06-23,4.338
2022-06-24,4.363
2022-06-27,4.23
2022-06-28,4.199
2022-06-29,4.037
2022-06-30,3.898
2022-07-01,3.939
2022-07-05,3.602
2022-07-06,3.411
2022-07-07,3.674
2022-07-08,3.673
2022-07-11,3.768
2022-07-12,3.663
2022-07-13,3.666
2022-07-14,3.649
2022-07-15,3.699
2022-07-18,3.656
2022-07-19,3.627
2022-07-20,3.604
2022-07-21,3.59
2022-07-22,3.456
2022-07-25,3.517
2022-07-26,3.584
2022-07-27,3.717
2022-07-28,3.686
2022-07-29,3.625
2022-08-01,3.44
2022-08-02,3.38
2022-08-03,3.415
2022-08-04,3.337
2022-08-05,3.216
2022-08-08,3.179
2022-08-09,3.334
2022-08-10,3.41
2022-08-11,3.484
2022-08-12,3.518
2022-08-15,3.44
2022-08-16,3.48
2022-08-17,3.617
2022-08-18,3.65
2022-08-19,3.701
2022-08-22,3.776
2022-08-23,3.842
2022-08-24,4.013
2022-08-25,3.949
2022-08-26,4.008
2022-08-29,3.91
2022-08-30,3.817
2022-08-31,3.715
2022-09-01,3.561
2022-09-02,3.578
2022-09-06,3.574
2022-09-07,3.586
2022-09-08,3.54
2022-09-09,3.579
2022-09-12,3.603
2022-09-13,3.541
2022-09-14,3.379
2022-09-15,3.205
2022-09-16,3.173
2022-09-19,3.311
2022-09-20,3.372
2022-09-21,3.334
2022-09-22,3.412
2022-09-23,3.237
2022-09-26,3.129
2022-09-27,3.26
2022-09-28,3.449
2022-09-29,3.415
2022-09-30,3.369
2022-10-03,3.369
2022-10-04,3.536
2022-10-05,3.687
2022-10-06,3.865
2022-10-07,4.019
2022-10-10,3.915
2022-10-11,3.931
2022-10-12,3.933
2022-10-13,4.095
2022-10-14,3.98
2022-10-17,4.085
2022-10-18,3.994
2022-10-19,3.904
2022-10-20,3.757
2022-10-21,3.832
2022-10-24,3.92
2022-10-25,3.967
2022-10-26,4.12
2022-10-27,4.334
2022-10-28,4.55
2022-10-31,4.191
2022-11-01,3.621
2022-11-02,3.677
2022-11-03,3.865
2022-11-04,3.915
2022-11-07,3.781
2022-11-08,3.771
2022-11-09,3.656
2022-11-10,3.569
2022-11-11,3.555
2022-11-14,3.544
2022-11-15,3.641
2022-11-16,3.614
2022-11-17,3.525
2022-11-18,3.518
2022-11-21,3.497
2022-11-22,3.471
2022-11-23,3.359
2022-11-25,3.239
2022-11-28,3.215
2022-11-29,3.296
2022-11-30,3.363
2022-12-01,3.262
2022-12-02,3.169
2022-12-05,3.0
2022-12-06,2.916
2022-12-07,2.781
2022-12-08,2.88
2022-12-09,2.794
2022-12-12,2.969
2022-12-13,3.092
2022-12-14,3.277
2022-12-15,3.283
2022-12-16,3.12
2022-12-19,3.054
2022-12-20,3.059
2022-12-21,3.14
2022-12-22,3.131
2022-12-23,3.266
2022-12-27,3.354
2022-12-28,3.378
2022-12-29,3.313
2022-12-30,3.362
2023-01-03,3.087
2023-01-04,2.972
2023-01-05,2.972
2023-01-06,3.005
2023-01-09,3.036
2023-01-10,3.136
2023-01-11,3.218
2023-01-12,3.219
2023-01-13,3.256
2023-01-17,3.251
2023-01-18,3.263
2023-01-19,3.376
2023-01-20,3.467
2023-01-23,3.551
2023-01-24,3.427
2023-01-25,3.361
2023-01-26,3.397
2023-01-27,3.266
2023-01-30,3.111
2023-01-31,3.182
2023-02-01,2.951
2023-02-02,2.897
2023-02-03,2.775
2023-02-06,2.769
2023-02-07,2.904
2023-02-08,2.893
2023-02-09,2.815
2023-02-10,2.865
2023-02-13,2.906
2023-02-14,2.94
2023-02-15,2.844
2023-02-16,2.811
2023-02-17,2.712
2023-02-21,2.792
2023-02-22,2.715
2023-02-23,2.708
2023-02-24,2.796
2023-02-27,2.82
2023-02-28,2.821
2023-03-01,2.874
2023-03-02,2.866
2023-03-03,2.913
2023-03-06,2.887
2023-03-07,2.798
2023-03-08,2.742
2023-03-09,2.669
2023-03-10,2.773
2023-03-13,2.762
2023-03-14,2.714
2023-03-15,2.605
2023-03-16,2.644
2023-03-17,2.679
2023-03-20,2.687
2023-03-21,2.69
2023-03-22,2.74
2023-03-23,2.685
2023-03-24,2.695
2023-03-27,2.77
2023-03-28,2.77
2023-03-29,2.658
2023-03-30,2.624
2023-03-31,2.676
2023-04-03,2.663
2023-04-04,2.667
2023-04-05,2.731
2023-04-06,2.661
2023-04-10,2.681
2023-04-11,2.668
2023-04-12,2.703
2023-04-13,2.673
2023-04-14,2.639
2023-04-17,2.615
2023-04-18,2.6
2023-04-19,2.558
2023-04-20,2.495
2023-04-21,2.489
2023-04-24,2.531
2023-04-25,2.451
2023-04-26,2.373
2023-04-27,2.354
2023-04-28,2.379
2023-05-01,2.382
2023-05-02,2.289
2023-05-03,2.232
2023-05-04,2.239
2023-05-05,2.315
2023-05-08,2.378
2023-05-09,2.39
2023-05-10,2.393
2023-05-11,2.35
2023-05-12,2.306
2023-05-15,2.378
2023-05-16,2.364
2023-05-17,2.423
2023-05-18,2.403
2023-05-19,2.362
2023-05-22,2.366
2023-05-23,2.362
2023-05-24,2.414
2023-05-25,2.346
2023-05-26,2.369
2023-05-30,2.281
2023-05-31,2.26
2023-06-01,2.315
2023-06-02,2.357
2023-06-05,2.378
2023-06-06,2.368
2023-06-07,2.402
2023-06-08,2.39
2023-06-09,2.361
2023-06-12,2.309
2023-06-13,2.396
2023-06-14,2.358
2023-06-15,2.48
2023-06-16,2.551
2023-06-20,2.475
2023-06-21,2.564
2023-06-22,2.466
2023-06-23,2.407
2023-06-26,2.439
2023-06-27,2.399
2023-06-28,2.407
2023-06-29,2.416
2023-06-30,2.448
2023-07-03,2.377
2023-07-05,2.493
2023-07-06,2.479
2023-07-07,2.559
2023-07-10,2.553
2023-07-11,2.584
2023-07-12,2.6
2023-07-13,2.61
2023-07-14,2.598
2023-07-17,2.564
2023-07-18,2.599
2023-07-19,2.642
2023-07-20,2.664
2023-07-21,2.746
2023-07-24,2.771
2023-07-25,2.778
2023-07-26,2.843
2023-07-27,2.917
2023-07-28,2.959
2023-07-31,2.991
2023-08-01,3.023
2023-08-02,3.004
2023-08-03,3.075
2023-08-04,3.062
2023-08-07,3.016
2023-08-08,3.086
2023-08-09,3.207
2023-08-10,3.153
2023-08-11,3.122
2023-08-14,3.088
2023-08-15,3.028
2023-08-16,3.021
2023-08-17,3.094
2023-08-18,3.16
2023-08-21,3.116
2023-08-22,3.139
2023-08-23,3.129
2023-08-24,3.156
2023-08-25,3.308
2023-08-28,3.204
2023-08-29,3.21
2023-08-30,3.096
2023-08-31,3.143
2023-09-01,3.105
2023-09-05,3.22
2023-09-06,3.193
2023-09-07,3.212
2023-09-08,3.299
2023-09-11,3.362
2023-09-12,3.328
2023-09-13,3.435
2023-09-14,3.482
2023-09-15,3.383
2023-09-18,3.288
2023-09-19,3.374
2023-09-20,3.327
2023-09-21,3.368
2023-09-22,3.306
2023-09-25,3.262
2023-09-26,3.224
2023-09-27,3.315
2023-09-28,3.318
2023-09-29,3.362
2023-10-02,3.223
2023-10-03,3.195
2023-10-04,3.018
2023-10-05,2.869
2023-10-06,2.901
2023-10-09,2.967
2023-10-10,3.02
2023-10-11,2.999
2023-10-12,3.045
2023-10-13,3.212
2023-10-16,3.149
2023-10-17,3.177
2023-10-18,3.139
2023-10-19,3.173
2023-10-20,3.157
2023-10-23,3.096
2023-10-24,3.045
2023-10-25,3.031
2023-10-26,3.044
2023-10-27,3.052
2023-10-30,2.966
2023-10-31,2.991
2023-11-01,2.962
2023-11-02,3.026
2023-11-03,2.924
2023-11-06,2.952
2023-11-07,2.838
2023-11-08,2.749
2023-11-09,2.719
2023-11-10,2.743
2023-11-13,2.839
2023-11-14,2.837
2023-11-15,2.869
2023-11-16,2.75
2023-11-17,2.773
2023-11-20,2.85
2023-11-21,2.925
2023-11-22,2.889
2023-11-24,2.836
2023-11-27,2.838
2023-11-28,2.907
2023-11-29,2.889
2023-11-30,2.831
2023-12-01,2.662
2023-12-04,2.66
2023-12-05,2.641
2023-12-06,2.576
2023-12-07,2.549
2023-12-08,2.581
2023-12-11,2.609
2023-12-12,2.507
2023-12-13,2.548
2023-12-14,2.591
2023-12-15,2.621
2023-12-18,2.673
2023-12-19,2.717
2023-12-20,2.709
2023-12-21,2.697
2023-12-22,2.661
2023-12-26,2.669
2023-12-27,2.624
2023-12-28,2.556
2023-12-29,2.553
2024-01-02,2.526
2024-01-03,2.604
2024-01-04,2.588
2024-01-05,2.609
2024-01-08,2.577
2024-01-09,2.65
2024-01-10,2.601
2024-01-11,2.674
2024-01-12,2.669
2024-01-16,2.661
2024-01-17,2.654
2024-01-18,2.694
2024-01-19,2.662
2024-01-22,2.694
2024-01-23,2.691
2024-01-24,2.682
2024-01-25,2.795
2024-01-26,2.843
2024-01-29,2.834
2024-01-30,2.807
2024-01-31,2.808
2024-02-01,2.713
2024-02-02,2.66
2024-02-05,2.725
2024-02-06,2.743
2024-02-07,2.815
2024-02-08,2.891
2024-02-09,2.964
2024-02-12,2.92
2024-02-13,2.896
2024-02-14,2.81
2024-02-15,2.824
2024-02-16,2.807
2024-02-20,2.732
2024-02-21,2.705
2024-02-22,2.752
2024-02-23,2.69
2024-02-26,2.763
2024-02-27,2.746
2024-02-28,2.658
2024-02-29,2.684
2024-03-01,2.704
2024-03-04,2.647
2024-03-05,2.607
2024-03-06,2.663
2024-03-07,2.695
2024-03-08,2.641
2024-03-11,2.652
2024-03-12,2.617
2024-03-13,2.685
2024-03-14,2.709
2024-03-15,2.727
2024-03-18,2.788
2024-03-19,2.761
2024-03-20,2.696
2024-03-21,2.669
2024-03-22,2.653
2024-03-25,2.679
2024-03-26,2.622
2024-03-27,2.599
2024-03-28,2.616
2024-04-01,2.627
2024-04-02,2.712
2024-04-03,2.732
2024-04-04,2.741
2024-04-05,2.773
